##### redisbench - upload this file #####

##### ENVIRONMENT #####
redisbench on compio-bench-48  2026-10-03T20:29:07Z
note: n2-standard-48 Ice Lake 2.80GHz, redis 8.10.2 jemalloc, both sweeps, thorough
kernel: Linux 7.0.0-1011-gcp x86_64
cpus: 48 (24 physical cores, 2 NUMA nodes)
redis: Redis server v=8.10.2 sha=00000000:1 malloc=jemalloc-5.3.0 bits=64 build=42d8e70ccdc6b150
rustc: rustc 1.99.0 (b940084d7 2026-09-28)
git: reuseport-workers@58ed11f
io_uring_disabled: 0
governor: n/a
nofile: 1048576   somaxconn: 4096
config: seconds=4 repeats=5 keys=128 servers=compio-pool,tokio-percore,tokio-default sweep=both

--- lscpu ---
Architecture:                            x86_64
CPU op-mode(s):                          32-bit, 64-bit
Address sizes:                           46 bits physical, 48 bits virtual
Byte Order:                              Little Endian
CPU(s):                                  48
On-line CPU(s) list:                     0-47
Vendor ID:                               GenuineIntel
Model name:                              Intel(R) Xeon(R) CPU @ 2.80GHz
CPU family:                              6
Model:                                   85
Thread(s) per core:                      2
Core(s) per socket:                      12
Socket(s):                               2
Stepping:                                7
BogoMIPS:                                5599.99
Flags:                                   fpu vme de pse tsc msr pae mce cx8 apic sep mtrr pge mca cmov pat pse36 clflush mmx fxsr sse sse2 ss ht syscall nx pdpe1gb rdtscp lm constant_tsc rep_good nopl xtopology nonstop_tsc cpuid tsc_known_freq pni pclmulqdq ssse3 fma cx16 pcid sse4_1 sse4_2 x2apic movbe popcnt aes xsave avx f16c rdrand hypervisor lahf_lm abm 3dnowprefetch ssbd ibrs ibpb stibp ibrs_enhanced fsgsbase tsc_adjust bmi1 hle avx2 smep bmi2 erms invpcid rtm avx512f avx512dq rdseed adx smap clflushopt clwb avx512cd avx512bw avx512vl xsaveopt xsavec xgetbv1 xsaves arat avx512_vnni md_clear arch_capabilities
Hypervisor vendor:                       KVM
Virtualization type:                     full
L1d cache:                               768 KiB (24 instances)
L1i cache:                               768 KiB (24 instances)
L2 cache:                                24 MiB (24 instances)
L3 cache:                                66 MiB (2 instances)
NUMA node(s):                            2
NUMA node0 CPU(s):                       0-11,24-35
NUMA node1 CPU(s):                       12-23,36-47
Vulnerability Gather data sampling:      Not affected
Vulnerability Ghostwrite:                Not affected
Vulnerability Indirect target selection: Mitigation; Aligned branch/return thunks
Vulnerability Itlb multihit:             Not affected
Vulnerability L1tf:                      Not affected
Vulnerability Mds:                       Not affected
Vulnerability Meltdown:                  Not affected
Vulnerability Mmio stale data:           Vulnerable: Clear CPU buffers attempted, no microcode; SMT Host state unknown
Vulnerability Old microcode:             Not affected
Vulnerability Reg file data sampling:    Not affected
Vulnerability Retbleed:                  Mitigation; Enhanced IBRS
Vulnerability Spec rstack overflow:      Not affected
Vulnerability Spec store bypass:         Mitigation; Speculative Store Bypass disabled via prctl
Vulnerability Spectre v1:                Mitigation; usercopy/swapgs barriers and __user pointer sanitization
Vulnerability Spectre v2:                Mitigation; Enhanced / Automatic IBRS; IBPB conditional; PBRSB-eIBRS SW sequence; BHI SW loop, KVM SW loop
Vulnerability Srbds:                     Not affected
Vulnerability Tsa:                       Not affected
Vulnerability Tsx async abort:           Vulnerable: Clear CPU buffers attempted, no microcode; SMT Host state unknown
Vulnerability Vmscape:                   Not affected

##### SUMMARY #####
Median run by req/s. Flags: S proxy-bound, R redis-bound, C client-bound.
cols per server: req/s[flag] | p50/p99 us | proxy-cpus | redis-cpus | RSS MB

=== sweep=single workload=get value=16 pipeline=1 ===
W     | compio-pool                             | tokio-percore                           | tokio-default                           
1     | 64861[S] 979.1/1057.8 1.03c 0.40r 4MB   | 58436[S] 1092.7/1248.6 1.04c 0.33r 6MB  | 52053[S] 1245.6/1316.4 1.04c 0.42r 6MB  
2     | 129032[S] 537.5/600.8 2.03c 0.71r 4MB   | 114977[S] 548.0/713.4 2.04c 0.64r 7MB   | 95056[S] 676.9/918.7 2.01c 0.67r 7MB    
4     | 196714[R] 618.4/998.1 3.32c 1.02r 5MB   | 200422[SR] 615.0/988.2 3.67c 1.02r 10MB | 184734[SR] 688.3/1094.8 3.90c 1.01r 9MB 
8     | 163906[R] 1509.1/3031.9 3.50c 1.05r 7MB | 167948[R] 1472.6/2951.1 3.86c 1.05r 16MB| 195114[R] 1232.3/2233.1 4.86c 1.04r 16MB
16    | 120598[R] 4179.0/8268.5 3.34c 1.14r 12MB| 121224[R] 4162.2/8260.5 3.54c 1.14r 31MB| 150742[R] 3268.3/6709.6 5.12c 1.11r 28MB

=== sweep=single workload=set value=16 pipeline=1 ===
W     | compio-pool                             | tokio-percore                           | tokio-default                           
1     | 63166[S] 1006.9/1097.8 1.00c 0.39r 4MB  | 56839[S] 1127.5/1286.1 1.00c 0.33r 6MB  | 52914[S] 1225.1/1289.6 1.00c 0.43r 6MB  
2     | 126639[S] 508.2/581.5 2.00c 0.71r 4MB   | 114228[S] 550.9/756.3 2.00c 0.65r 7MB   | 96992[S] 663.0/899.6 1.97c 0.69r 7MB    
4     | 191316[R] 635.5/1022.3 3.16c 1.00r 5MB  | 194087[SR] 631.9/1011.9 3.46c 1.00r 10MB| 186348[SR] 682.8/1067.7 3.82c 1.00r 10MB
8     | 161469[R] 1533.9/3077.4 3.21c 1.00r 8MB | 161688[R] 1529.3/3060.0 3.52c 1.00r 17MB| 186300[R] 1284.4/2332.4 4.42c 1.00r 16MB
16    | 117787[R] 4283.6/8464.2 2.89c 1.00r 13MB| 118046[R] 4290.2/8416.7 2.99c 1.00r 32MB| 146869[R] 3355.7/6894.0 4.45c 1.00r 29MB

=== sweep=single workload=mix value=16 pipeline=1 ===
W     | compio-pool                             | tokio-percore                           | tokio-default                           
1     | 63793[S] 997.1/1076.0 1.03c 0.42r 4MB   | 58319[S] 1102.9/1247.2 1.03c 0.35r 6MB  | 53158[S] 1220.1/1279.2 1.04c 0.45r 6MB  
2     | 128893[S] 500.4/578.1 2.03c 0.73r 4MB   | 117347[S] 535.7/695.8 2.04c 0.68r 7MB   | 97329[S] 660.7/898.9 2.02c 0.71r 7MB    
4     | 192098[R] 632.9/1018.6 3.23c 1.02r 6MB  | 194080[SR] 635.9/1000.8 3.53c 1.02r 10MB| 186612[SR] 682.1/1064.2 3.90c 1.02r 10MB
8     | 162611[R] 1520.7/3047.1 3.52c 1.05r 8MB | 163570[R] 1509.9/3022.6 3.72c 1.05r 18MB| 188440[R] 1270.0/2292.2 4.66c 1.04r 16MB
16    | 118048[R] 4273.7/8480.7 3.29c 1.14r 14MB| 118075[R] 4261.6/8475.3 3.44c 1.14r 32MB| 145569[R] 3392.7/6939.3 4.92c 1.11r 32MB

=== sweep=single workload=ping value=16 pipeline=1 ===
W     | compio-pool                             | tokio-percore                           | tokio-default                           
8     | 179867[R] 1376.6/2760.5 3.65c 1.00r 8MB | 182580[R] 1355.1/2713.8 3.89c 1.00r 18MB| 211169[R] 1148.8/2124.0 4.90c 1.00r 16MB

=== sweep=single workload=get value=256 pipeline=1 ===
W     | compio-pool                             | tokio-percore                           | tokio-default                           
8     | 157554[R] 1570.5/3149.1 3.44c 1.05r 9MB | 160665[R] 1537.3/3084.5 3.76c 1.05r 18MB| 181075[R] 1319.7/2406.8 4.66c 1.04r 17MB

=== sweep=single workload=get value=4096 pipeline=1 ===
W     | compio-pool                             | tokio-percore                           | tokio-default                           
8     | 122482[R] 2034.9/4077.5 3.07c 1.06r 16MB| 121623[R] 2040.5/4084.0 3.33c 1.06r 20MB| 140880[R] 1740.8/3501.2 4.29c 1.05r 17MB

=== sweep=single workload=get value=16 pipeline=8 ===
W     | compio-pool                             | tokio-percore                           | tokio-default                           
8     | 154080[R] 13093.4/23214.4 2.87c 1.05r 16MB| 167442[R] 11986.2/22348.2 3.33c 1.05r 20MB| 197594[R] 10060.0/18838.6 4.38c 1.04r 17MB

=== sweep=sharded workload=get value=16 pipeline=1 ===
W     | compio-pool                             | tokio-percore                           
1     | 64561[S] 985.5/1066.7 1.03c 0.41r 4MB   | 57726[S] 1102.5/1268.4 1.04c 0.33r 6MB  
2     | 126836[S] 503.3/548.4 2.04c 0.74r 7MB   | 113491[S] 568.6/643.6 2.04c 0.66r 10MB  
4     | 257507[S] 495.8/535.5 4.07c 1.48r 14MB  | 230594[S] 557.1/634.3 4.08c 1.32r 20MB  
8     | 542119[S] 496.9/539.2 8.14c 3.14r 27MB  | 486909[S] 523.0/636.1 8.15c 2.79r 41MB  

=== sweep=sharded workload=set value=16 pipeline=1 ===
W     | compio-pool                             | tokio-percore                           
1     | 62589[S] 1013.5/1107.3 1.00c 0.38r 4MB  | 56723[S] 1133.7/1284.2 1.00c 0.34r 6MB  
2     | 126256[S] 505.8/548.8 2.00c 0.75r 7MB   | 114599[S] 563.6/641.2 2.00c 0.69r 10MB  
4     | 255383[S] 499.5/543.8 4.00c 1.55r 14MB  | 233267[S] 554.4/626.7 4.00c 1.36r 20MB  
8     | 537561[S] 499.6/546.8 8.01c 3.23r 27MB  | 490446[S] 519.7/630.6 8.01c 2.87r 41MB  

=== sweep=sharded workload=mix value=16 pipeline=1 ===
W     | compio-pool                             | tokio-percore                           
1     | 64755[S] 980.1/1057.0 1.03c 0.42r 4MB   | 57616[S] 1113.8/1268.4 1.04c 0.34r 6MB  
2     | 126326[S] 505.4/552.9 2.04c 0.78r 7MB   | 115250[S] 561.6/632.3 2.03c 0.70r 10MB  
4     | 255885[S] 499.2/536.2 4.07c 1.57r 14MB  | 233854[S] 552.8/625.4 4.07c 1.41r 20MB  
8     | 539218[S] 497.7/543.8 8.14c 3.26r 27MB  | 490948[S] 517.9/628.2 8.14c 2.92r 41MB  

##### RAW RUNS (TSV) #####
#sweep	server	workload	workers	conns	value	pipeline	repeat	status	rps	reqs	p50_us	p90_us	p99_us	p999_us	max_us	srv_us_per_req	srv_cpus_used	redis_cpus_used	cli_cpus_used	vol_cs_per_req	invol_cs_per_req	idle_pct	rss_mb	mismatches	failed	flag
single	compio-pool	get	1	64	16	1	1	ok	64891	259565	980.5	1030.5	1067.9	1193.7	1315.5	15.950	1.03	0.40	0.00	0.000	0.000	95.6	4	0	0	S
single	compio-pool	get	1	64	16	1	2	ok	64861	259445	979.1	1029.1	1057.8	1148.1	1273.7	15.957	1.03	0.40	0.00	0.000	0.000	95.6	4	0	0	S
single	compio-pool	get	1	64	16	1	3	ok	64303	257212	987.1	1038.0	1064.1	1157.5	1326.4	16.096	1.03	0.38	0.00	0.000	0.000	95.6	4	0	0	S
single	compio-pool	get	1	64	16	1	4	ok	64580	258319	983.1	1033.1	1063.0	1188.9	1375.2	16.027	1.03	0.40	0.00	0.000	0.000	95.7	4	0	0	S
single	compio-pool	get	1	64	16	1	5	ok	65038	260154	976.5	1026.8	1052.8	1115.3	1396.0	15.914	1.03	0.39	0.00	0.000	0.000	95.5	4	0	0	S
single	compio-pool	set	1	64	16	1	1	ok	63079	252315	1010.4	1060.7	1097.6	1200.9	1451.2	15.853	1.00	0.39	0.00	0.000	0.000	95.7	4	0	0	S
single	compio-pool	set	1	64	16	1	2	ok	63166	252664	1006.9	1057.8	1097.8	1234.7	2289.3	15.871	1.00	0.39	0.00	0.000	0.000	95.5	4	0	0	S
single	compio-pool	set	1	64	16	1	3	ok	63366	253463	1001.7	1052.1	1102.7	1216.4	1554.1	15.742	1.00	0.36	0.00	0.000	0.000	95.2	4	0	0	S
single	compio-pool	set	1	64	16	1	4	ok	62896	251584	1010.4	1062.0	1096.0	1207.7	1376.8	15.939	1.00	0.38	0.00	0.000	0.000	95.7	4	0	0	S
single	compio-pool	set	1	64	16	1	5	ok	63533	254131	999.9	1050.7	1076.9	1115.0	1317.3	15.740	1.00	0.38	0.00	0.000	0.000	95.6	4	0	0	S
single	compio-pool	mix	1	64	16	1	1	ok	64768	259073	981.2	1032.2	1056.2	1079.2	1832.4	15.980	1.03	0.41	0.00	0.000	0.000	95.7	4	0	0	S
single	compio-pool	mix	1	64	16	1	2	ok	63793	255172	997.1	1049.0	1076.0	1099.9	1724.6	16.224	1.03	0.42	0.00	0.000	0.000	95.7	4	0	0	S
single	compio-pool	mix	1	64	16	1	3	ok	63991	255964	991.7	1042.1	1076.2	1235.0	1801.4	16.213	1.04	0.40	0.00	0.000	0.000	95.6	4	0	0	S
single	compio-pool	mix	1	64	16	1	4	ok	63618	254474	996.7	1050.7	1079.7	1214.7	1458.9	16.269	1.03	0.40	0.00	0.000	0.000	95.7	4	0	0	S
single	compio-pool	mix	1	64	16	1	5	ok	63535	254139	999.4	1051.3	1077.3	1102.7	1417.7	16.290	1.03	0.41	0.00	0.000	0.000	95.7	4	0	0	S
single	tokio-percore	get	1	64	16	1	1	ok	57572	230288	1106.9	1220.1	1274.8	1489.7	5187.3	17.977	1.03	0.34	0.00	0.000	0.000	95.1	6	0	0	S
single	tokio-percore	get	1	64	16	1	2	ok	58436	233744	1092.7	1203.5	1248.6	1321.1	1519.1	17.754	1.04	0.33	0.00	0.000	0.000	95.4	6	0	0	S
single	tokio-percore	get	1	64	16	1	3	ok	58229	232917	1097.5	1206.6	1244.4	1272.3	1554.9	17.775	1.03	0.33	0.00	0.000	0.000	95.4	6	0	0	S
single	tokio-percore	get	1	64	16	1	4	ok	58922	235689	1081.4	1193.5	1231.6	1261.5	1521.5	17.566	1.03	0.33	0.00	0.000	0.000	95.4	6	0	0	S
single	tokio-percore	get	1	64	16	1	5	ok	58580	234318	1091.1	1199.7	1238.0	1270.9	1614.2	17.668	1.03	0.33	0.00	0.000	0.000	94.5	6	0	0	S
single	tokio-percore	set	1	64	16	1	1	ok	57265	229060	1117.5	1228.0	1267.3	1296.5	1579.5	17.506	1.00	0.32	0.00	0.000	0.000	95.3	6	0	0	S
single	tokio-percore	set	1	64	16	1	2	ok	57983	231931	1104.6	1212.6	1251.7	1284.3	1579.1	17.290	1.00	0.33	0.00	0.000	0.000	95.5	6	0	0	S
single	tokio-percore	set	1	64	16	1	3	ok	56510	226042	1132.2	1244.8	1290.6	1406.7	1719.3	17.652	1.00	0.33	0.00	0.000	0.000	95.4	6	0	0	S
single	tokio-percore	set	1	64	16	1	4	ok	56343	225371	1137.9	1246.3	1295.5	1443.1	4436.5	17.793	1.00	0.33	0.00	0.000	0.000	95.4	6	0	0	S
single	tokio-percore	set	1	64	16	1	5	ok	56839	227356	1127.5	1236.4	1286.1	1476.4	2304.8	17.594	1.00	0.33	0.00	0.000	0.000	95.3	6	0	0	S
single	tokio-percore	mix	1	64	16	1	1	ok	57653	230612	1116.0	1217.3	1260.4	1300.2	1572.9	17.996	1.04	0.35	0.00	0.000	0.000	95.6	6	0	0	S
single	tokio-percore	mix	1	64	16	1	2	ok	57912	231648	1110.1	1212.5	1259.2	1363.4	1860.0	17.872	1.03	0.35	0.00	0.000	0.000	95.5	6	0	0	S
single	tokio-percore	mix	1	64	16	1	3	ok	58319	233277	1102.9	1204.3	1247.2	1304.8	1555.2	17.747	1.03	0.35	0.00	0.000	0.000	94.5	6	0	0	S
single	tokio-percore	mix	1	64	16	1	4	ok	58682	234726	1095.6	1197.2	1242.5	1320.8	1604.2	17.680	1.04	0.36	0.00	0.000	0.000	94.5	6	0	0	S
single	tokio-percore	mix	1	64	16	1	5	ok	58609	234435	1095.3	1198.9	1245.6	1400.9	2320.2	17.659	1.03	0.35	0.00	0.000	0.000	94.5	6	0	0	S
single	tokio-default	get	1	64	16	1	1	ok	51945	207780	1247.6	1278.8	1326.8	1706.9	2028.5	19.973	1.04	0.42	0.00	0.000	0.000	94.6	6	0	0	S
single	tokio-default	get	1	64	16	1	2	ok	52258	209030	1241.0	1269.1	1305.9	1487.2	1702.2	19.901	1.04	0.43	0.00	0.000	0.000	95.8	6	0	0	S
single	tokio-default	get	1	64	16	1	3	ok	52450	209799	1236.0	1265.7	1304.3	1467.3	1685.0	19.829	1.04	0.42	0.00	0.000	0.000	94.6	6	0	0	S
single	tokio-default	get	1	64	16	1	4	ok	51874	207496	1249.7	1278.1	1325.3	1515.3	1656.9	20.049	1.04	0.42	0.00	0.000	0.000	95.8	6	0	0	S
single	tokio-default	get	1	64	16	1	5	ok	52053	208211	1245.6	1275.4	1316.4	1493.8	1674.0	19.980	1.04	0.42	0.00	0.000	0.000	95.9	6	0	0	S
single	tokio-default	set	1	64	16	1	1	ok	53202	212806	1218.9	1247.4	1280.1	1433.8	1567.1	18.796	1.00	0.44	0.00	0.000	0.000	95.8	6	0	0	S
single	tokio-default	set	1	64	16	1	2	ok	52113	208452	1244.3	1272.4	1306.6	1498.9	1728.4	19.189	1.00	0.42	0.00	0.000	0.000	95.8	6	0	0	S
single	tokio-default	set	1	64	16	1	3	ok	52925	211699	1226.3	1250.8	1275.8	1311.5	1627.1	18.942	1.00	0.43	0.00	0.000	0.000	95.8	6	0	0	S
single	tokio-default	set	1	64	16	1	4	ok	52228	208914	1241.2	1272.3	1317.3	1473.2	1593.8	19.147	1.00	0.43	0.00	0.000	0.000	95.8	6	0	0	S
single	tokio-default	set	1	64	16	1	5	ok	52914	211657	1225.1	1254.5	1289.6	1458.1	1596.4	18.946	1.00	0.43	0.00	0.000	0.000	95.8	6	0	0	S
single	tokio-default	mix	1	64	16	1	1	ok	53729	214916	1206.5	1235.0	1270.0	1464.5	1629.7	19.356	1.04	0.45	0.00	0.000	0.000	95.8	6	0	0	S
single	tokio-default	mix	1	64	16	1	2	ok	53120	212479	1221.2	1247.9	1277.3	1366.1	1568.1	19.531	1.04	0.45	0.00	0.000	0.000	95.8	6	0	0	S
single	tokio-default	mix	1	64	16	1	3	ok	53086	212343	1222.5	1247.2	1271.5	1295.7	1554.4	19.638	1.04	0.45	0.00	0.000	0.000	94.5	6	0	0	S
single	tokio-default	mix	1	64	16	1	4	ok	53196	212785	1219.0	1246.5	1280.6	1438.1	1533.8	19.503	1.04	0.45	0.00	0.000	0.000	95.8	6	0	0	S
single	tokio-default	mix	1	64	16	1	5	ok	53158	212630	1220.1	1246.5	1279.2	1434.0	1568.3	19.565	1.04	0.45	0.00	0.000	0.000	95.8	6	0	0	S
single	compio-pool	get	2	64	16	1	1	ok	129168	516673	496.1	531.5	575.6	680.7	788.8	15.735	2.03	0.71	0.00	0.000	0.000	91.6	4	0	0	S
single	compio-pool	get	2	64	16	1	2	ok	129032	516126	537.5	578.0	600.8	637.4	818.8	15.752	2.03	0.71	0.00	0.000	0.000	89.8	4	0	0	S
single	compio-pool	get	2	64	16	1	3	ok	127810	511241	544.9	601.6	663.8	764.7	1355.0	15.922	2.04	0.70	0.00	0.000	0.000	89.9	4	0	0	S
single	compio-pool	get	2	64	16	1	4	ok	127484	509935	499.6	518.6	581.7	674.4	3671.1	15.943	2.03	0.69	0.00	0.000	0.000	91.3	4	0	0	S
single	compio-pool	get	2	64	16	1	5	ok	129283	517132	494.6	535.7	569.8	680.8	2413.0	15.721	2.03	0.70	0.00	0.000	0.000	91.3	4	0	0	S
single	compio-pool	set	2	64	16	1	1	ok	126359	505435	510.7	560.7	593.6	643.0	884.3	15.848	2.00	0.71	0.00	0.000	0.000	91.5	4	0	0	S
single	compio-pool	set	2	64	16	1	2	ok	127272	509089	479.0	625.6	653.7	706.0	861.7	15.714	2.00	0.71	0.00	0.000	0.000	91.5	4	0	0	S
single	compio-pool	set	2	64	16	1	3	ok	126639	506555	508.2	545.6	581.5	683.3	855.8	15.793	2.00	0.71	0.00	0.000	0.000	91.5	4	0	0	S
single	compio-pool	set	2	64	16	1	4	ok	126972	507889	505.8	565.6	599.8	706.5	862.8	15.771	2.00	0.71	0.00	0.000	0.000	91.5	4	0	0	S
single	compio-pool	set	2	64	16	1	5	ok	125194	500777	500.1	581.5	668.8	1462.0	1652.7	15.975	2.00	0.71	0.00	0.000	0.000	91.5	4	0	0	S
single	compio-pool	mix	2	64	16	1	1	ok	142099	568396	372.4	574.4	604.0	643.9	895.6	14.286	2.03	0.78	0.00	0.000	0.000	89.9	4	0	0	S
single	compio-pool	mix	2	64	16	1	2	ok	128676	514703	454.8	591.8	620.0	675.4	916.6	15.815	2.04	0.73	0.00	0.000	0.000	91.5	4	0	0	S
single	compio-pool	mix	2	64	16	1	3	ok	128893	515573	500.4	551.5	578.1	610.7	746.0	15.769	2.03	0.73	0.00	0.000	0.000	91.6	4	0	0	S
single	compio-pool	mix	2	64	16	1	4	ok	128824	515298	533.7	594.9	629.7	672.8	1685.7	15.777	2.03	0.73	0.00	0.000	0.000	91.5	4	0	0	S
single	compio-pool	mix	2	64	16	1	5	ok	129466	517862	493.6	514.9	546.6	600.7	752.0	15.718	2.04	0.73	0.00	0.000	0.000	91.4	4	0	0	S
single	tokio-percore	get	2	64	16	1	1	ok	114794	459176	550.4	650.9	690.1	741.4	1029.1	17.749	2.04	0.63	0.00	0.000	0.000	91.9	7	0	0	S
single	tokio-percore	get	2	64	16	1	2	ok	114977	459909	548.0	671.1	713.4	749.5	1036.7	17.699	2.04	0.64	0.00	0.000	0.000	91.9	7	0	0	S
single	tokio-percore	get	2	64	16	1	3	ok	115173	460692	558.4	613.2	649.2	683.6	884.0	17.691	2.04	0.62	0.00	0.000	0.000	91.4	7	0	0	S
single	tokio-percore	get	2	64	16	1	4	ok	115421	461685	556.1	614.4	656.9	762.7	924.6	17.631	2.04	0.63	0.00	0.000	0.000	91.9	7	0	0	S
single	tokio-percore	get	2	64	16	1	5	ok	114594	458376	563.9	610.1	641.8	680.4	856.3	17.802	2.04	0.62	0.00	0.000	0.000	91.9	7	0	0	S
single	tokio-percore	set	2	64	16	1	1	ok	114967	459867	473.7	768.6	811.3	847.4	1060.3	17.396	2.00	0.66	0.00	0.000	0.000	91.1	7	0	0	S
single	tokio-percore	set	2	64	16	1	2	ok	114099	456397	544.6	699.4	747.4	840.7	1706.4	17.507	2.00	0.65	0.00	0.000	0.000	91.6	7	0	0	S
single	tokio-percore	set	2	64	16	1	3	ok	114660	458639	516.4	731.4	778.6	819.5	1548.4	17.443	2.00	0.64	0.00	0.000	0.000	91.9	7	0	0	S
single	tokio-percore	set	2	64	16	1	4	ok	113954	455814	566.3	612.4	646.8	738.1	1447.6	17.573	2.00	0.64	0.00	0.000	0.000	91.9	7	0	0	S
single	tokio-percore	set	2	64	16	1	5	ok	114228	456912	550.9	710.8	756.3	800.0	1110.1	17.531	2.00	0.65	0.00	0.000	0.000	91.9	7	0	0	S
single	tokio-percore	mix	2	64	16	1	1	ok	116898	467593	537.7	657.2	700.2	756.1	939.6	17.408	2.04	0.68	0.00	0.000	0.000	91.8	7	0	0	S
single	tokio-percore	mix	2	64	16	1	2	ok	115953	463813	556.5	601.9	637.6	735.9	968.2	17.550	2.04	0.65	0.00	0.000	0.000	91.8	7	0	0	S
single	tokio-percore	mix	2	64	16	1	3	ok	117368	469470	542.2	617.8	654.6	689.0	914.0	17.381	2.04	0.67	0.00	0.000	0.000	91.8	7	0	0	S
single	tokio-percore	mix	2	64	16	1	4	ok	118214	472855	528.9	688.2	732.1	771.3	955.4	17.215	2.04	0.67	0.00	0.000	0.000	91.8	7	0	0	S
single	tokio-percore	mix	2	64	16	1	5	ok	117347	469387	535.7	655.3	695.8	725.9	919.3	17.363	2.04	0.68	0.00	0.000	0.000	91.8	7	0	0	S
single	tokio-default	get	2	64	16	1	1	ok	94773	379092	678.9	837.2	921.3	980.5	1535.3	21.288	2.02	0.67	0.00	0.021	0.000	92.3	7	0	0	S
single	tokio-default	get	2	64	16	1	2	ok	95056	380224	676.9	833.3	918.7	982.6	1307.5	21.172	2.01	0.67	0.00	0.021	0.000	92.3	7	0	0	S
single	tokio-default	get	2	64	16	1	3	ok	95112	380449	675.2	834.2	939.4	1222.7	1724.7	21.185	2.02	0.67	0.00	0.021	0.000	90.6	7	0	0	S
single	tokio-default	get	2	64	16	1	4	ok	94592	378366	680.7	837.5	923.0	981.8	1161.7	21.276	2.01	0.67	0.00	0.021	0.000	92.4	7	0	0	S
single	tokio-default	get	2	64	16	1	5	ok	95080	380320	676.6	833.8	920.7	983.1	1301.0	21.166	2.01	0.67	0.00	0.021	0.000	92.4	7	0	0	S
single	tokio-default	set	2	64	16	1	1	ok	97023	388092	662.9	816.9	901.8	965.0	1173.5	20.330	1.97	0.69	0.00	0.019	0.000	92.2	7	0	0	S
single	tokio-default	set	2	64	16	1	2	ok	96992	387967	663.0	816.9	899.6	960.2	1140.5	20.311	1.97	0.69	0.00	0.019	0.000	92.2	7	0	0	S
single	tokio-default	set	2	64	16	1	3	ok	97474	389896	660.0	812.5	895.3	955.8	1221.7	20.236	1.97	0.69	0.00	0.019	0.000	92.2	7	0	0	S
single	tokio-default	set	2	64	16	1	4	ok	96610	386441	665.9	820.5	904.0	965.5	1752.6	20.417	1.97	0.69	0.00	0.019	0.000	92.0	7	0	0	S
single	tokio-default	set	2	64	16	1	5	ok	96222	384889	668.5	823.3	906.8	964.5	1192.5	20.499	1.97	0.69	0.00	0.019	0.000	92.3	7	0	0	S
single	tokio-default	mix	2	64	16	1	1	ok	97046	388185	663.0	815.9	900.3	972.6	1603.2	20.712	2.01	0.70	0.00	0.020	0.000	92.2	7	0	0	S
single	tokio-default	mix	2	64	16	1	2	ok	97329	389317	660.7	814.2	898.9	965.6	1342.5	20.703	2.02	0.71	0.00	0.020	0.000	92.2	7	0	0	S
single	tokio-default	mix	2	64	16	1	3	ok	97304	389215	661.1	814.3	896.5	960.2	1449.3	20.683	2.01	0.71	0.00	0.020	0.000	92.2	7	0	0	S
single	tokio-default	mix	2	64	16	1	4	ok	98340	393359	654.0	806.1	889.2	947.8	1132.7	20.490	2.02	0.71	0.00	0.020	0.000	92.2	7	0	0	S
single	tokio-default	mix	2	64	16	1	5	ok	105731	422925	608.0	749.2	826.1	880.9	1154.7	19.010	2.01	0.74	0.00	0.020	0.000	90.5	7	0	0	S
single	compio-pool	get	4	128	16	1	1	ok	196128	784510	623.9	831.8	1012.4	1118.0	1593.2	16.762	3.29	1.02	0.00	0.067	0.000	84.8	5	0	0	R
single	compio-pool	get	4	128	16	1	2	ok	196438	785750	621.0	825.0	1002.6	1124.6	1685.4	16.799	3.30	1.02	0.00	0.066	0.000	85.5	5	0	0	R
single	compio-pool	get	4	128	16	1	3	ok	196714	786856	618.4	824.5	998.1	1091.9	1693.1	16.865	3.32	1.02	0.00	0.068	0.000	86.1	5	0	0	R
single	compio-pool	get	4	128	16	1	4	ok	199449	797797	615.7	834.5	979.7	1081.3	1417.5	16.683	3.33	1.02	0.00	0.058	0.000	84.9	5	0	0	R
single	compio-pool	get	4	128	16	1	5	ok	197528	790114	620.6	821.2	986.4	1093.5	1284.7	16.884	3.33	1.02	0.00	0.064	0.000	84.8	5	0	0	R
single	compio-pool	set	4	128	16	1	1	ok	190933	763731	641.1	848.5	1015.5	1130.4	1496.9	16.616	3.17	1.00	0.00	0.062	0.000	86.5	5	0	0	R
single	compio-pool	set	4	128	16	1	2	ok	191316	765266	635.5	846.6	1022.3	1117.4	1325.5	16.504	3.16	1.00	0.00	0.065	0.000	85.8	5	0	0	R
single	compio-pool	set	4	128	16	1	3	ok	190878	763512	637.1	849.7	1024.4	1118.8	1284.6	16.660	3.18	1.00	0.00	0.064	0.000	86.6	5	0	0	R
single	compio-pool	set	4	128	16	1	4	ok	193415	773660	629.7	838.9	1011.0	1103.0	1518.1	16.480	3.19	1.00	0.00	0.063	0.000	86.5	5	0	0	R
single	compio-pool	set	4	128	16	1	5	ok	191616	766464	638.9	850.3	1024.6	1126.0	1472.5	16.570	3.17	1.00	0.00	0.062	0.000	86.5	6	0	0	R
single	compio-pool	mix	4	128	16	1	1	ok	193598	774394	631.7	841.5	1011.4	1106.6	1773.3	16.774	3.25	1.02	0.00	0.066	0.000	84.7	6	0	0	R
single	compio-pool	mix	4	128	16	1	2	ok	192098	768394	632.9	843.5	1018.6	1124.8	81522.4	16.827	3.23	1.02	0.00	0.064	0.000	86.5	6	0	0	R
single	compio-pool	mix	4	128	16	1	3	ok	193126	772502	632.2	843.0	1017.3	1110.2	1310.6	16.777	3.24	1.02	0.00	0.067	0.000	86.6	6	0	0	R
single	compio-pool	mix	4	128	16	1	4	ok	191237	764949	635.2	848.8	1026.7	1132.2	1553.1	16.903	3.23	1.02	0.00	0.068	0.000	85.1	6	0	0	R
single	compio-pool	mix	4	128	16	1	5	ok	190952	763809	636.7	850.8	1028.2	1153.2	1766.3	16.928	3.23	1.02	0.00	0.068	0.000	85.9	6	0	0	R
single	tokio-percore	get	4	128	16	1	1	ok	198514	794058	619.9	796.1	998.7	1120.0	1770.1	18.286	3.63	1.02	0.00	0.054	0.000	85.5	10	0	0	SR
single	tokio-percore	get	4	128	16	1	2	ok	200422	801687	615.0	791.0	988.2	1091.3	1515.0	18.299	3.67	1.02	0.00	0.050	0.000	85.5	10	0	0	SR
single	tokio-percore	get	4	128	16	1	3	ok	200066	800265	616.1	791.3	988.4	1091.7	1417.3	18.306	3.66	1.02	0.00	0.051	0.000	83.8	10	0	0	SR
single	tokio-percore	get	4	128	16	1	4	ok	201312	805246	613.3	785.7	979.2	1082.6	1396.1	18.230	3.67	1.02	0.00	0.049	0.000	85.2	10	0	0	SR
single	tokio-percore	get	4	128	16	1	5	ok	200694	802775	616.8	787.5	981.5	1086.2	1449.6	18.299	3.67	1.02	0.00	0.046	0.000	85.3	10	0	0	SR
single	tokio-percore	set	4	128	16	1	1	ok	194087	776347	631.9	815.9	1011.9	1119.7	1456.5	17.801	3.46	1.00	0.00	0.056	0.000	84.6	10	0	0	SR
single	tokio-percore	set	4	128	16	1	2	ok	193755	775019	633.9	817.1	1033.4	1400.2	1875.2	17.922	3.47	1.00	0.00	0.053	0.000	85.8	10	0	0	SR
single	tokio-percore	set	4	128	16	1	3	ok	194454	777818	636.0	816.8	1005.0	1128.7	1327.3	17.729	3.45	1.00	0.00	0.048	0.000	85.8	10	0	0	SR
single	tokio-percore	set	4	128	16	1	4	ok	195270	781079	635.6	815.6	1003.8	1113.2	1386.7	17.681	3.45	1.00	0.00	0.045	0.000	85.9	10	0	0	SR
single	tokio-percore	set	4	128	16	1	5	ok	193839	775356	634.9	812.2	1008.7	1121.0	1475.4	17.824	3.46	1.00	0.00	0.053	0.000	85.9	10	0	0	SR
single	tokio-percore	mix	4	128	16	1	1	ok	194916	779662	634.7	813.5	999.9	1120.4	1566.6	18.213	3.55	1.02	0.00	0.051	0.000	85.7	10	0	0	SR
single	tokio-percore	mix	4	128	16	1	2	ok	195853	783412	627.0	809.5	1001.3	1107.7	1298.0	18.215	3.57	1.02	0.00	0.057	0.000	85.7	10	0	0	SR
single	tokio-percore	mix	4	128	16	1	3	ok	194066	776266	634.3	828.4	1014.0	1138.8	1469.8	18.164	3.52	1.02	0.00	0.051	0.000	85.8	10	0	0	SR
single	tokio-percore	mix	4	128	16	1	4	ok	193741	774963	635.1	815.6	1012.8	1125.8	1697.0	18.259	3.54	1.02	0.00	0.057	0.000	85.1	10	0	0	SR
single	tokio-percore	mix	4	128	16	1	5	ok	194080	776319	635.9	809.4	1000.8	1118.1	1507.2	18.188	3.53	1.02	0.00	0.054	0.000	84.2	10	0	0	SR
single	tokio-default	get	4	128	16	1	1	ok	185391	741564	685.9	889.3	1090.5	1235.0	1535.0	21.064	3.90	1.02	0.00	0.033	0.000	85.3	9	0	0	SR
single	tokio-default	get	4	128	16	1	2	ok	185644	742575	684.7	889.0	1087.0	1217.0	1494.3	20.981	3.90	1.01	0.00	0.034	0.000	85.3	10	0	0	SR
single	tokio-default	get	4	128	16	1	3	ok	184734	738934	688.3	893.0	1094.8	1234.0	1825.3	21.111	3.90	1.01	0.00	0.034	0.000	85.3	9	0	0	SR
single	tokio-default	get	4	128	16	1	4	ok	183641	734564	691.8	899.0	1106.1	1273.2	1977.6	21.264	3.90	1.01	0.00	0.035	0.000	85.3	10	0	0	SR
single	tokio-default	get	4	128	16	1	5	ok	184157	736627	689.3	897.9	1101.8	1272.7	3965.7	21.164	3.90	1.01	0.00	0.035	0.000	85.3	10	0	0	SR
single	tokio-default	set	4	128	16	1	1	ok	184875	739499	687.8	887.8	1076.7	1207.5	1605.0	20.622	3.81	1.00	0.00	0.035	0.000	85.3	9	0	0	SR
single	tokio-default	set	4	128	16	1	2	ok	186469	745876	682.5	878.2	1067.3	1192.0	1672.5	20.459	3.81	1.00	0.00	0.033	0.000	85.3	10	0	0	SR
single	tokio-default	set	4	128	16	1	3	ok	187181	748725	679.7	875.4	1065.4	1187.8	1461.5	20.381	3.81	1.00	0.00	0.032	0.000	85.4	9	0	0	SR
single	tokio-default	set	4	128	16	1	4	ok	185816	743262	684.9	880.2	1070.1	1193.2	1434.6	20.545	3.82	1.00	0.00	0.033	0.000	85.3	10	0	0	SR
single	tokio-default	set	4	128	16	1	5	ok	186348	745393	682.8	877.9	1067.7	1190.4	1502.1	20.499	3.82	1.00	0.00	0.033	0.000	85.4	10	0	0	SR
single	tokio-default	mix	4	128	16	1	1	ok	186258	745032	683.1	877.6	1066.6	1188.2	1450.2	20.925	3.90	1.02	0.00	0.034	0.000	85.2	10	0	0	SR
single	tokio-default	mix	4	128	16	1	2	ok	186624	746494	681.3	876.6	1069.3	1223.7	1850.5	20.858	3.89	1.02	0.00	0.036	0.000	85.2	10	0	0	SR
single	tokio-default	mix	4	128	16	1	3	ok	187384	749536	679.2	872.6	1058.6	1175.9	1411.8	20.786	3.90	1.02	0.00	0.036	0.000	85.3	10	0	0	SR
single	tokio-default	mix	4	128	16	1	4	ok	186612	746446	682.1	876.3	1064.2	1187.1	1415.4	20.912	3.90	1.02	0.00	0.034	0.000	85.2	10	0	0	SR
single	tokio-default	mix	4	128	16	1	5	ok	186537	746147	682.2	878.7	1070.7	1197.1	1434.2	20.921	3.90	1.02	0.00	0.033	0.000	85.3	10	0	0	SR
single	compio-pool	get	8	256	16	1	1	ok	164301	657203	1509.8	1571.7	3033.6	3146.8	3329.2	21.713	3.57	1.05	0.00	0.683	0.000	85.7	7	0	0	R
single	compio-pool	get	8	256	16	1	2	ok	163817	655267	1510.9	1570.2	3028.7	3151.5	3553.5	21.716	3.56	1.05	0.00	0.722	0.000	85.8	7	0	0	R
single	compio-pool	get	8	256	16	1	3	ok	163906	655625	1509.1	1570.2	3031.9	3146.6	5213.6	21.369	3.50	1.05	0.00	0.692	0.000	85.7	7	0	0	R
single	compio-pool	get	8	256	16	1	4	ok	164672	658686	1503.3	1557.4	3013.0	3111.6	3575.5	21.558	3.55	1.05	0.00	0.684	0.000	85.8	8	0	0	R
single	compio-pool	get	8	256	16	1	5	ok	163020	652081	1518.2	1571.7	3042.8	3145.5	3358.4	21.838	3.56	1.05	0.00	0.698	0.000	85.7	8	0	0	R
single	compio-pool	set	8	256	16	1	1	ok	158943	635771	1558.0	1607.8	3120.8	3216.8	3376.4	20.699	3.29	1.00	0.00	0.674	0.000	86.3	8	0	0	R
single	compio-pool	set	8	256	16	1	2	ok	161134	644534	1534.9	1585.2	3075.5	3171.4	3555.6	20.449	3.29	1.00	0.00	0.610	0.000	86.1	8	0	0	R
single	compio-pool	set	8	256	16	1	3	ok	161469	645876	1533.9	1590.9	3077.4	3180.2	3532.7	19.911	3.21	1.00	0.00	0.650	0.000	86.3	8	0	0	R
single	compio-pool	set	8	256	16	1	4	ok	161707	646827	1529.4	1610.0	3081.8	3231.4	3726.7	19.696	3.19	1.00	0.00	0.628	0.000	86.5	8	0	0	R
single	compio-pool	set	8	256	16	1	5	ok	163736	654943	1510.6	1574.0	3032.3	3154.9	3473.2	19.651	3.22	1.00	0.00	0.656	0.000	86.5	8	0	0	R
single	compio-pool	mix	8	256	16	1	1	ok	161085	644341	1530.9	1618.1	3076.7	3240.6	3659.8	21.666	3.49	1.05	0.00	0.657	0.000	85.9	8	0	0	R
single	compio-pool	mix	8	256	16	1	2	ok	161146	644584	1534.7	1599.9	3081.4	3201.5	3467.6	21.642	3.49	1.05	0.00	0.665	0.000	86.1	8	0	0	R
single	compio-pool	mix	8	256	16	1	3	ok	162728	650910	1525.0	1592.2	3062.3	3180.1	3823.3	21.554	3.51	1.05	0.00	0.636	0.000	86.0	8	0	0	R
single	compio-pool	mix	8	256	16	1	4	ok	163433	653731	1515.4	1584.1	3042.6	3167.7	3371.2	21.416	3.50	1.05	0.00	0.607	0.000	86.0	8	0	0	R
single	compio-pool	mix	8	256	16	1	5	ok	162611	650443	1520.7	1579.7	3047.1	3152.7	3382.2	21.631	3.52	1.05	0.00	0.648	0.000	85.9	8	0	0	R
single	compio-pool	ping	8	256	16	1	1	ok	179230	716922	1384.8	1429.8	2777.2	2866.0	3256.7	19.681	3.53	1.00	0.00	0.711	0.000	85.4	8	0	0	R
single	compio-pool	ping	8	256	16	1	2	ok	182115	728461	1363.3	1422.0	2737.4	2846.0	3428.7	20.111	3.66	1.00	0.00	0.610	0.000	85.0	8	0	0	R
single	compio-pool	ping	8	256	16	1	3	ok	181733	726933	1363.9	1422.2	2741.2	2853.2	5213.7	19.397	3.52	1.00	0.00	0.684	0.000	85.2	8	0	0	R
single	compio-pool	ping	8	256	16	1	4	ok	179867	719469	1376.6	1432.3	2760.5	2868.7	3163.3	20.279	3.65	1.00	0.00	0.647	0.000	85.2	8	0	0	R
single	compio-pool	ping	8	256	16	1	5	ok	179213	716851	1382.6	1433.9	2774.3	2873.9	3094.3	19.948	3.58	1.00	0.00	0.677	0.000	85.2	8	0	0	R
single	compio-pool	get	8	256	256	1	1	ok	160170	640680	1543.8	1616.5	3095.1	3232.6	3490.0	21.805	3.49	1.05	0.00	0.672	0.000	86.0	8	0	0	R
single	compio-pool	get	8	256	256	1	2	ok	160904	643617	1537.7	1594.9	3081.1	3188.4	3368.6	21.814	3.51	1.05	0.00	0.642	0.000	85.8	9	0	0	R
single	compio-pool	get	8	256	256	1	3	ok	157372	629490	1573.0	1634.0	3152.3	3263.1	3567.8	21.986	3.46	1.05	0.00	0.671	0.000	86.0	9	0	0	R
single	compio-pool	get	8	256	256	1	4	ok	157554	630218	1570.5	1633.3	3149.1	3270.3	3531.4	21.818	3.44	1.05	0.00	0.662	0.000	85.9	9	0	0	R
single	compio-pool	get	8	256	256	1	5	ok	157312	629248	1571.0	1650.5	3151.0	3318.0	3671.5	21.947	3.45	1.05	0.00	0.669	0.000	86.1	9	0	0	R
single	compio-pool	get	8	256	4096	1	1	ok	118484	473934	2143.7	2284.0	4314.7	4581.2	4975.1	24.961	2.96	1.07	0.00	0.690	0.000	87.8	15	0	0	R
single	compio-pool	get	8	256	4096	1	2	ok	123128	492511	2022.4	2091.8	4045.8	4179.2	4514.3	24.893	3.06	1.05	0.00	0.724	0.000	87.4	15	0	0	R
single	compio-pool	get	8	256	4096	1	3	ok	122482	489930	2034.9	2118.7	4077.5	4236.0	4595.4	25.065	3.07	1.06	0.00	0.757	0.000	87.4	16	0	0	R
single	compio-pool	get	8	256	4096	1	4	ok	124000	495998	2004.2	2096.5	4012.9	4203.8	5260.4	25.121	3.12	1.06	0.00	0.767	0.000	87.2	16	0	0	R
single	compio-pool	get	8	256	4096	1	5	ok	122184	488738	2041.0	2127.3	4091.2	4253.3	4562.8	25.208	3.08	1.05	0.00	0.760	0.000	87.4	16	0	0	R
single	compio-pool	get	8	256	16	8	1	ok	153952	615808	13154.0	13682.4	23369.4	26971.0	29163.8	18.577	2.86	1.06	0.00	0.579	0.000	89.2	16	0	0	R
single	compio-pool	get	8	256	16	8	2	ok	151694	606776	13253.9	13645.5	23496.1	26853.4	27830.8	18.738	2.84	1.05	0.00	0.649	0.000	89.3	16	0	0	R
single	compio-pool	get	8	256	16	8	3	ok	155602	622408	12970.8	13326.9	23345.6	26394.8	27124.2	18.493	2.88	1.05	0.00	0.593	0.000	89.3	16	0	0	R
single	compio-pool	get	8	256	16	8	4	ok	154080	616320	13093.4	13300.5	23214.4	26421.4	26732.1	18.610	2.87	1.05	0.00	0.629	0.000	89.2	16	0	0	R
single	compio-pool	get	8	256	16	8	5	ok	159596	638384	12806.7	13100.4	22875.9	25953.1	26834.7	18.108	2.89	1.05	0.00	0.529	0.000	88.8	16	0	0	R
single	tokio-percore	get	8	256	16	1	1	ok	167838	671351	1474.6	1531.4	2955.4	3052.2	3289.7	22.954	3.85	1.05	0.00	0.646	0.000	85.0	16	0	0	R
single	tokio-percore	get	8	256	16	1	2	ok	167948	671792	1472.6	1528.6	2951.1	3049.8	3235.5	22.983	3.86	1.05	0.00	0.659	0.000	85.1	16	0	0	R
single	tokio-percore	get	8	256	16	1	3	ok	168068	672272	1471.0	1523.4	2944.1	3037.6	3275.5	22.997	3.87	1.05	0.00	0.663	0.000	85.1	16	0	0	R
single	tokio-percore	get	8	256	16	1	4	ok	169164	676655	1461.2	1518.1	2927.4	3022.6	3213.1	22.862	3.87	1.05	0.00	0.628	0.000	85.1	17	0	0	R
single	tokio-percore	get	8	256	16	1	5	ok	167867	671469	1472.0	1531.2	2947.6	3053.0	3204.1	23.024	3.87	1.05	0.00	0.660	0.000	85.1	17	0	0	R
single	tokio-percore	set	8	256	16	1	1	ok	161688	646754	1529.3	1580.3	3060.0	3150.9	3334.3	21.770	3.52	1.00	0.00	0.650	0.000	85.8	17	0	0	R
single	tokio-percore	set	8	256	16	1	2	ok	161120	644482	1534.1	1596.5	3073.5	3184.1	3334.9	21.785	3.51	1.00	0.00	0.641	0.000	85.8	17	0	0	R
single	tokio-percore	set	8	256	16	1	3	ok	163960	655842	1507.6	1561.6	3017.5	3116.0	4597.0	21.469	3.52	1.00	0.00	0.580	0.000	85.4	18	0	0	R
single	tokio-percore	set	8	256	16	1	4	ok	161332	645329	1531.6	1598.1	3069.4	3186.9	3479.8	21.865	3.53	1.00	0.00	0.657	0.000	85.7	18	0	0	R
single	tokio-percore	set	8	256	16	1	5	ok	161787	647147	1527.4	1598.7	3064.8	3190.8	3786.3	21.664	3.50	1.00	0.00	0.608	0.000	85.9	18	0	0	R
single	tokio-percore	mix	8	256	16	1	1	ok	164866	659466	1497.1	1562.9	3000.8	3107.8	3594.7	22.397	3.69	1.05	0.00	0.584	0.000	85.7	18	0	0	R
single	tokio-percore	mix	8	256	16	1	2	ok	162868	651471	1516.8	1587.3	3041.3	3171.9	3514.7	22.733	3.70	1.05	0.00	0.620	0.000	85.6	18	0	0	R
single	tokio-percore	mix	8	256	16	1	3	ok	162657	650627	1520.0	1585.7	3049.1	3166.4	3402.7	22.886	3.72	1.05	0.00	0.689	0.000	85.4	18	0	0	R
single	tokio-percore	mix	8	256	16	1	4	ok	163570	654282	1509.9	1572.0	3022.6	3140.1	3532.4	22.727	3.72	1.05	0.00	0.659	0.000	85.5	18	0	0	R
single	tokio-percore	mix	8	256	16	1	5	ok	163583	654333	1510.1	1579.4	3028.5	3151.4	3473.9	22.695	3.71	1.05	0.00	0.622	0.000	85.6	18	0	0	R
single	tokio-percore	ping	8	256	16	1	1	ok	183612	734449	1349.2	1402.1	2701.4	2794.7	2990.2	21.363	3.92	1.00	0.00	0.625	0.000	84.5	18	0	0	R
single	tokio-percore	ping	8	256	16	1	2	ok	186971	747884	1323.6	1388.2	2658.3	2763.3	5911.1	21.166	3.96	1.00	0.00	0.549	0.000	83.9	18	0	0	R
single	tokio-percore	ping	8	256	16	1	3	ok	180697	722789	1370.2	1433.0	2748.4	2861.9	3189.9	21.472	3.88	1.00	0.00	0.657	0.000	84.7	18	0	0	R
single	tokio-percore	ping	8	256	16	1	4	ok	182580	730321	1355.1	1409.1	2713.8	2808.7	2981.4	21.306	3.89	1.00	0.00	0.601	0.000	84.6	18	0	0	R
single	tokio-percore	ping	8	256	16	1	5	ok	177767	711067	1393.8	1449.2	2792.5	2889.0	3287.7	21.644	3.85	1.00	0.00	0.674	0.000	84.7	18	0	0	R
single	tokio-percore	get	8	256	256	1	1	ok	161110	644442	1535.0	1601.5	3077.0	3193.9	3416.9	23.385	3.77	1.05	0.00	0.656	0.000	85.4	18	0	0	R
single	tokio-percore	get	8	256	256	1	2	ok	160665	642661	1537.3	1613.9	3084.5	3216.7	3435.6	23.418	3.76	1.05	0.00	0.648	0.000	85.5	18	0	0	R
single	tokio-percore	get	8	256	256	1	3	ok	159628	638514	1548.1	1622.1	3101.0	3234.4	4985.3	23.398	3.73	1.05	0.00	0.667	0.000	85.2	19	0	0	R
single	tokio-percore	get	8	256	256	1	4	ok	160480	641922	1538.5	1618.0	3085.2	3234.4	4474.1	23.476	3.77	1.05	0.00	0.647	0.000	85.5	19	0	0	R
single	tokio-percore	get	8	256	256	1	5	ok	161279	645115	1533.2	1595.7	3072.2	3177.8	3414.0	23.422	3.78	1.05	0.00	0.648	0.000	85.5	19	0	0	R
single	tokio-percore	get	8	256	4096	1	1	ok	116424	465694	2158.4	2279.5	4328.4	4565.3	5040.7	27.765	3.23	1.07	0.00	0.755	0.000	87.4	20	0	0	R
single	tokio-percore	get	8	256	4096	1	2	ok	121568	486273	2049.3	2142.4	4104.7	4279.8	4583.4	27.577	3.35	1.06	0.00	0.738	0.000	86.9	20	0	0	R
single	tokio-percore	get	8	256	4096	1	3	ok	122866	491462	2019.5	2126.0	4047.4	4249.1	5153.5	27.306	3.35	1.06	0.00	0.701	0.000	87.0	20	0	0	R
single	tokio-percore	get	8	256	4096	1	4	ok	121917	487669	2041.4	2147.6	4092.3	4297.0	5000.6	27.457	3.35	1.06	0.00	0.741	0.000	87.0	20	0	0	R
single	tokio-percore	get	8	256	4096	1	5	ok	121623	486492	2040.5	2130.7	4084.0	4258.1	5432.4	27.421	3.33	1.06	0.00	0.723	0.000	86.8	20	0	0	R
single	tokio-percore	get	8	256	16	8	1	ok	168698	674792	11890.8	12482.4	21979.7	24401.7	26256.5	19.650	3.31	1.06	0.00	0.434	0.000	87.7	20	0	0	R
single	tokio-percore	get	8	256	16	8	2	ok	167360	669440	12026.2	12440.3	22068.2	24562.6	26434.8	19.867	3.33	1.05	0.00	0.476	0.000	88.0	20	0	0	R
single	tokio-percore	get	8	256	16	8	3	ok	162080	648320	12406.3	12677.0	23030.9	25119.4	25603.8	20.221	3.28	1.05	0.00	0.527	0.000	88.2	20	0	0	R
single	tokio-percore	get	8	256	16	8	4	ok	170726	682904	11800.1	12501.6	21274.0	24575.6	25843.2	19.549	3.34	1.05	0.00	0.426	0.000	87.7	20	0	0	R
single	tokio-percore	get	8	256	16	8	5	ok	167442	669768	11986.2	12331.2	22348.2	24321.4	25015.7	19.887	3.33	1.05	0.00	0.468	0.000	87.9	20	0	0	R
single	tokio-default	get	8	256	16	1	1	ok	192915	771660	1246.4	1605.2	2256.1	2402.8	2786.8	25.037	4.83	1.04	0.00	0.313	0.000	82.3	15	0	0	R
single	tokio-default	get	8	256	16	1	2	ok	195096	780384	1231.5	1586.1	2232.1	2358.4	2649.0	24.834	4.84	1.04	0.00	0.315	0.000	83.4	16	0	0	R
single	tokio-default	get	8	256	16	1	3	ok	195114	780456	1232.3	1585.9	2233.1	2372.1	2879.4	24.921	4.86	1.04	0.00	0.317	0.000	85.3	16	0	0	R
single	tokio-default	get	8	256	16	1	4	ok	196989	787957	1221.5	1569.6	2202.0	2324.6	2564.9	24.925	4.91	1.04	0.00	0.315	0.000	86.8	16	0	0	R
single	tokio-default	get	8	256	16	1	5	ok	196710	786839	1222.4	1572.3	2209.0	2338.5	2742.9	24.846	4.89	1.04	0.00	0.320	0.000	86.9	15	0	0	R
single	tokio-default	set	8	256	16	1	1	ok	188043	752172	1273.8	1662.5	2300.6	2458.8	2811.8	23.678	4.45	1.00	0.00	0.293	0.000	82.6	16	0	0	R
single	tokio-default	set	8	256	16	1	2	ok	187484	749934	1275.0	1667.1	2307.2	2674.2	4935.3	23.735	4.45	1.00	0.00	0.292	0.000	81.9	16	0	0	R
single	tokio-default	set	8	256	16	1	3	ok	184674	738695	1297.1	1694.4	2352.1	2517.5	2854.6	23.961	4.42	1.00	0.00	0.294	0.000	82.6	16	0	0	R
single	tokio-default	set	8	256	16	1	4	ok	184826	739303	1294.1	1692.0	2354.2	2507.8	2842.5	23.901	4.42	1.00	0.00	0.296	0.000	82.1	16	0	0	R
single	tokio-default	set	8	256	16	1	5	ok	186300	745201	1284.4	1678.1	2332.4	2475.1	2817.6	23.752	4.42	1.00	0.00	0.296	0.000	82.7	16	0	0	R
single	tokio-default	mix	8	256	16	1	1	ok	182989	731955	1307.1	1709.6	2384.6	2540.4	2862.5	25.111	4.59	1.04	0.00	0.317	0.000	83.1	16	0	0	R
single	tokio-default	mix	8	256	16	1	2	ok	185357	741427	1290.7	1686.9	2346.4	2513.3	2948.3	24.938	4.62	1.04	0.00	0.312	0.000	82.0	16	0	0	R
single	tokio-default	mix	8	256	16	1	3	ok	189114	756455	1267.8	1653.5	2281.3	2439.1	2941.9	24.747	4.68	1.05	0.00	0.307	0.000	82.6	16	0	0	R
single	tokio-default	mix	8	256	16	1	4	ok	188440	753759	1270.0	1658.5	2292.2	2440.7	3019.0	24.729	4.66	1.04	0.00	0.306	0.000	82.5	16	0	0	R
single	tokio-default	mix	8	256	16	1	5	ok	188967	755869	1267.1	1654.2	2278.3	2418.2	2734.6	24.740	4.67	1.04	0.00	0.305	0.000	81.4	15	0	0	R
single	tokio-default	ping	8	256	16	1	1	ok	211169	844676	1148.8	1418.0	2124.0	2289.8	4239.5	23.216	4.90	1.00	0.00	0.330	0.000	83.3	16	0	0	R
single	tokio-default	ping	8	256	16	1	2	ok	212002	848009	1144.6	1414.6	2102.8	2236.0	3099.2	23.254	4.93	1.00	0.00	0.329	0.000	82.7	16	0	0	R
single	tokio-default	ping	8	256	16	1	3	ok	211458	845832	1148.6	1416.5	2114.6	2237.1	2717.7	23.338	4.93	1.00	0.00	0.328	0.000	83.1	16	0	0	R
single	tokio-default	ping	8	256	16	1	4	ok	209047	836188	1162.0	1432.4	2145.9	2278.1	2643.9	23.523	4.92	1.00	0.00	0.329	0.000	82.9	16	0	0	R
single	tokio-default	ping	8	256	16	1	5	ok	208024	832095	1166.9	1442.0	2155.2	2285.3	2664.2	23.555	4.90	1.00	0.00	0.327	0.000	83.8	16	0	0	R
single	tokio-default	get	8	256	256	1	1	ok	180250	720998	1326.0	1735.3	2419.9	2557.9	2792.2	25.756	4.64	1.05	0.00	0.321	0.000	83.4	16	0	0	R
single	tokio-default	get	8	256	256	1	2	ok	180923	723691	1321.9	1728.2	2412.4	2550.3	2777.9	25.702	4.65	1.05	0.00	0.317	0.000	83.1	16	0	0	R
single	tokio-default	get	8	256	256	1	3	ok	181075	724301	1319.7	1726.4	2406.8	2542.4	2817.9	25.721	4.66	1.04	0.00	0.317	0.000	82.9	17	0	0	R
single	tokio-default	get	8	256	256	1	4	ok	183952	735807	1299.4	1698.6	2360.1	2550.9	4058.2	25.496	4.69	1.05	0.00	0.313	0.000	82.4	17	0	0	R
single	tokio-default	get	8	256	256	1	5	ok	182848	731390	1308.7	1710.2	2377.7	2526.7	2911.8	25.540	4.67	1.04	0.00	0.316	0.000	82.5	16	0	0	R
single	tokio-default	get	8	256	4096	1	1	ok	132000	528001	1900.3	2026.0	3837.8	4034.6	4256.7	31.288	4.13	1.07	0.00	0.537	0.000	85.3	17	0	0	R
single	tokio-default	get	8	256	4096	1	2	ok	140062	560247	1752.5	1875.3	3524.2	3717.0	4256.7	30.772	4.31	1.05	0.00	0.469	0.000	84.7	17	0	0	R
single	tokio-default	get	8	256	4096	1	3	ok	141961	567845	1727.6	1828.1	3460.4	3619.4	3960.5	30.431	4.32	1.05	0.00	0.472	0.000	84.7	17	0	0	R
single	tokio-default	get	8	256	4096	1	4	ok	140880	563518	1740.8	1855.1	3501.2	3675.2	4985.0	30.487	4.29	1.05	0.00	0.475	0.000	84.3	17	0	0	R
single	tokio-default	get	8	256	4096	1	5	ok	141608	566434	1732.4	1845.4	3478.4	3649.4	3916.5	30.383	4.30	1.05	0.00	0.467	0.000	84.8	17	0	0	R
single	tokio-default	get	8	256	16	8	1	ok	200980	803920	9876.0	10283.1	18570.6	20155.6	21057.4	22.030	4.43	1.05	0.00	0.293	0.000	85.3	17	0	0	R
single	tokio-default	get	8	256	16	8	2	ok	196950	787800	10082.2	10508.3	18885.8	20472.7	21168.6	22.252	4.38	1.04	0.00	0.298	0.000	85.4	17	0	0	R
single	tokio-default	get	8	256	16	8	3	ok	197194	788776	10080.6	10435.0	18924.0	20470.7	21709.6	22.212	4.38	1.05	0.00	0.303	0.000	85.2	17	0	0	R
single	tokio-default	get	8	256	16	8	4	ok	197594	790376	10060.0	10451.6	18838.6	20483.6	21367.6	22.192	4.38	1.04	0.00	0.299	0.000	85.5	17	0	0	R
single	tokio-default	get	8	256	16	8	5	ok	199058	796232	9994.7	10346.4	18736.2	20290.6	20856.1	22.154	4.41	1.04	0.00	0.298	0.000	85.2	17	0	0	R
single	compio-pool	get	16	512	16	1	1	ok	119897	479589	4203.3	4402.9	8253.4	8807.6	9339.3	27.982	3.35	1.14	0.00	1.520	0.000	87.7	12	0	0	R
single	compio-pool	get	16	512	16	1	2	ok	120598	482394	4179.0	4327.4	8268.5	8653.8	9152.5	27.695	3.34	1.14	0.00	1.524	0.000	87.7	12	0	0	R
single	compio-pool	get	16	512	16	1	3	ok	118242	472970	4279.4	4408.8	8358.7	8795.8	9453.9	28.036	3.31	1.14	0.00	1.618	0.000	88.0	12	0	0	R
single	compio-pool	get	16	512	16	1	4	ok	121356	485422	4144.2	4293.6	8234.1	8614.5	9325.0	27.687	3.36	1.14	0.00	1.527	0.000	87.8	13	0	0	R
single	compio-pool	get	16	512	16	1	5	ok	124036	496143	4074.8	4201.3	8047.2	8417.1	8902.5	27.210	3.38	1.14	0.00	1.471	0.000	87.7	13	0	0	R
single	compio-pool	set	16	512	16	1	1	ok	122976	491906	4087.8	4238.9	8115.1	8487.5	9209.9	23.622	2.90	1.00	0.00	1.229	0.000	88.3	13	0	0	R
single	compio-pool	set	16	512	16	1	2	ok	116800	467201	4322.2	4469.3	8524.9	8938.7	9364.7	24.786	2.90	1.00	0.00	1.407	0.000	88.4	13	0	0	R
single	compio-pool	set	16	512	16	1	3	ok	117787	471149	4283.6	4416.5	8464.2	8825.5	9439.7	24.557	2.89	1.00	0.00	1.393	0.000	88.3	13	0	0	R
single	compio-pool	set	16	512	16	1	4	ok	115682	462726	4357.6	4473.3	8661.5	8948.0	9488.2	24.529	2.84	1.00	0.00	1.403	0.000	88.5	13	0	0	R
single	compio-pool	set	16	512	16	1	5	ok	118044	472178	4275.0	4397.3	8473.1	8791.3	9164.1	24.419	2.88	1.00	0.00	1.362	0.000	88.4	13	0	0	R
single	compio-pool	mix	16	512	16	1	1	ok	115973	463892	4351.2	4470.0	8617.3	8937.7	9466.5	28.002	3.25	1.14	0.00	1.575	0.000	88.0	14	0	0	R
single	compio-pool	mix	16	512	16	1	2	ok	117016	468064	4309.9	4437.1	8543.8	8877.0	9428.2	27.795	3.25	1.14	0.00	1.523	0.000	88.2	14	0	0	R
single	compio-pool	mix	16	512	16	1	3	ok	118048	472193	4273.7	4394.4	8480.7	8791.4	9123.1	27.849	3.29	1.14	0.00	1.577	0.000	87.8	14	0	0	R
single	compio-pool	mix	16	512	16	1	4	ok	121218	484874	4148.0	4419.3	7983.9	8825.3	9374.8	27.327	3.31	1.14	0.00	1.427	0.000	88.0	14	0	0	R
single	compio-pool	mix	16	512	16	1	5	ok	118771	475083	4240.8	4388.1	8413.4	8791.3	9152.4	27.827	3.31	1.14	0.00	1.559	0.000	87.9	14	0	0	R
single	tokio-percore	get	16	512	16	1	1	ok	121542	486169	4139.0	4287.6	8222.2	8578.7	9026.4	29.249	3.56	1.14	0.00	1.453	0.000	87.3	28	0	0	R
single	tokio-percore	get	16	512	16	1	2	ok	120933	483732	4166.8	4328.5	8227.3	8661.1	9174.9	29.541	3.57	1.15	0.00	1.536	0.000	87.4	29	0	0	R
single	tokio-percore	get	16	512	16	1	3	ok	122234	488934	4108.3	4232.9	8204.6	8495.2	9092.3	29.186	3.57	1.14	0.00	1.469	0.000	87.5	30	0	0	R
single	tokio-percore	get	16	512	16	1	4	ok	120837	483349	4173.6	4298.7	8286.7	8597.3	8982.2	29.213	3.53	1.15	0.00	1.496	0.000	87.2	31	0	0	R
single	tokio-percore	get	16	512	16	1	5	ok	121224	484896	4162.2	4277.1	8260.5	8536.1	9012.7	29.161	3.54	1.14	0.00	1.478	0.000	87.6	31	0	0	R
single	tokio-percore	set	16	512	16	1	1	ok	119288	477151	4228.9	4362.0	8362.7	8722.2	9526.1	25.149	3.00	1.00	0.00	1.294	0.000	88.0	31	0	0	R
single	tokio-percore	set	16	512	16	1	2	ok	118046	472182	4290.2	4405.1	8416.7	8804.2	9263.2	25.308	2.99	1.00	0.00	1.327	0.000	88.1	32	0	0	R
single	tokio-percore	set	16	512	16	1	3	ok	117576	470305	4278.3	4412.8	8504.8	8842.1	9466.2	25.664	3.02	1.00	0.00	1.370	0.000	88.0	32	0	0	R
single	tokio-percore	set	16	512	16	1	4	ok	116335	465340	4344.3	4464.2	8592.9	8932.4	9212.8	25.723	2.99	1.00	0.00	1.435	0.000	88.2	32	0	0	R
single	tokio-percore	set	16	512	16	1	5	ok	120224	480897	4200.8	4323.7	8295.2	8650.8	9113.1	25.432	3.06	1.00	0.00	1.355	0.000	87.9	32	0	0	R
single	tokio-percore	mix	16	512	16	1	1	ok	116746	466982	4324.2	4441.2	8568.0	8874.9	9421.5	29.402	3.43	1.14	0.00	1.592	0.000	87.6	32	0	0	R
single	tokio-percore	mix	16	512	16	1	2	ok	117373	469493	4292.0	4406.8	8541.5	8832.5	9247.7	29.330	3.44	1.15	0.00	1.548	0.000	87.6	32	0	0	R
single	tokio-percore	mix	16	512	16	1	3	ok	118075	472300	4261.6	4403.0	8475.3	8815.6	9397.3	29.134	3.44	1.14	0.00	1.516	0.000	87.6	32	0	0	R
single	tokio-percore	mix	16	512	16	1	4	ok	118728	474913	4238.1	4380.1	8420.7	8784.9	9243.2	28.911	3.43	1.14	0.00	1.516	0.000	87.8	33	0	0	R
single	tokio-percore	mix	16	512	16	1	5	ok	123479	493915	4047.1	4319.0	8025.4	8659.9	11341.5	27.798	3.43	1.14	0.00	1.321	0.000	87.6	33	0	0	R
single	tokio-default	get	16	512	16	1	1	ok	151347	605387	3255.3	3488.7	6679.6	7024.5	8114.8	34.028	5.15	1.12	0.00	0.498	0.000	84.2	27	0	0	R
single	tokio-default	get	16	512	16	1	2	ok	150134	600535	3273.1	3539.6	6711.4	7163.0	7598.4	34.036	5.11	1.11	0.00	0.493	0.000	84.2	27	0	0	R
single	tokio-default	get	16	512	16	1	3	ok	150110	600441	3301.4	3564.0	6766.0	7178.3	7998.3	33.792	5.07	1.11	0.00	0.491	0.000	84.2	27	0	0	R
single	tokio-default	get	16	512	16	1	4	ok	153266	613063	3205.8	3455.1	6563.2	6964.0	9012.4	33.765	5.17	1.11	0.00	0.482	0.000	84.0	28	0	0	R
single	tokio-default	get	16	512	16	1	5	ok	150742	602967	3268.3	3523.7	6709.6	7082.3	7425.3	33.949	5.12	1.11	0.00	0.492	0.000	84.3	28	0	0	R
single	tokio-default	set	16	512	16	1	1	ok	146869	587477	3355.7	3623.2	6894.0	7290.0	7824.5	30.282	4.45	1.00	0.00	0.437	0.000	84.8	29	0	0	R
single	tokio-default	set	16	512	16	1	2	ok	148643	594572	3311.1	3575.0	6803.7	7201.3	7998.2	30.106	4.47	1.00	0.00	0.435	0.000	85.0	31	0	0	R
single	tokio-default	set	16	512	16	1	3	ok	148375	593501	3320.2	3577.6	6814.0	7216.9	7515.4	30.177	4.48	1.00	0.00	0.438	0.000	84.8	30	0	0	R
single	tokio-default	set	16	512	16	1	4	ok	146128	584511	3377.9	3603.4	6904.9	7257.1	7592.9	30.401	4.44	1.00	0.00	0.442	0.000	84.9	31	0	0	R
single	tokio-default	set	16	512	16	1	5	ok	146600	586398	3365.5	3581.8	6876.5	7224.5	8011.6	30.338	4.45	1.00	0.00	0.444	0.000	85.1	32	0	0	R
single	tokio-default	mix	16	512	16	1	1	ok	147164	588654	3355.1	3605.8	6870.3	7248.5	7604.2	33.551	4.94	1.11	0.00	0.493	0.000	84.8	31	0	0	R
single	tokio-default	mix	16	512	16	1	2	ok	145569	582277	3392.7	3628.6	6939.3	7307.1	7612.6	33.833	4.92	1.11	0.00	0.494	0.000	84.8	32	0	0	R
single	tokio-default	mix	16	512	16	1	3	ok	144444	577776	3438.0	3675.8	7041.4	7412.1	8047.9	33.854	4.89	1.11	0.00	0.495	0.000	84.8	32	0	0	R
single	tokio-default	mix	16	512	16	1	4	ok	147436	589744	3330.1	3683.3	6940.6	7471.6	9394.3	33.320	4.91	1.11	0.00	0.483	0.000	84.5	31	0	0	R
single	tokio-default	mix	16	512	16	1	5	ok	143721	574885	3437.6	3699.6	7024.6	7486.5	8036.7	33.920	4.88	1.11	0.00	0.501	0.000	84.8	31	0	0	R
sharded	compio-pool	get	1	64	16	1	1	ok	64994	259978	977.9	1027.3	1053.9	1099.8	1359.8	15.924	1.03	0.39	0.00	0.000	0.000	95.6	4	0	0	S
sharded	compio-pool	get	1	64	16	1	2	ok	64478	257913	985.7	1035.4	1063.8	1101.5	1398.1	16.052	1.03	0.39	0.00	0.000	0.000	95.5	4	0	0	S
sharded	compio-pool	get	1	64	16	1	3	ok	63477	253908	999.3	1050.5	1090.8	1240.3	1851.3	16.305	1.03	0.40	0.00	0.000	0.000	95.8	4	0	0	S
sharded	compio-pool	get	1	64	16	1	4	ok	64561	258245	985.5	1034.1	1066.7	1201.2	1813.3	16.031	1.03	0.41	0.00	0.000	0.000	94.6	4	0	0	S
sharded	compio-pool	get	1	64	16	1	5	ok	65295	261179	970.3	1020.1	1079.6	1603.9	2018.1	15.851	1.03	0.38	0.00	0.000	0.000	95.3	4	0	0	S
sharded	compio-pool	set	1	64	16	1	1	ok	62982	251926	1008.4	1061.0	1095.1	1234.2	1519.4	15.878	1.00	0.38	0.00	0.000	0.000	95.7	4	0	0	S
sharded	compio-pool	set	1	64	16	1	2	ok	62168	248670	1021.0	1074.2	1107.3	1236.6	1827.2	16.126	1.00	0.38	0.00	0.000	0.000	95.8	4	0	0	S
sharded	compio-pool	set	1	64	16	1	3	ok	62589	250355	1013.5	1067.3	1107.3	1314.6	1516.7	15.977	1.00	0.38	0.00	0.000	0.000	95.7	4	0	0	S
sharded	compio-pool	set	1	64	16	1	4	ok	63060	252239	1006.8	1059.1	1100.0	1204.1	2048.7	15.898	1.00	0.37	0.00	0.000	0.000	94.9	4	0	0	S
sharded	compio-pool	set	1	64	16	1	5	ok	62289	249157	1018.7	1072.3	1102.2	1242.5	1513.0	16.014	1.00	0.38	0.00	0.000	0.000	95.8	4	0	0	S
sharded	compio-pool	mix	1	64	16	1	1	ok	69642	278567	911.7	961.7	988.6	1034.6	1252.6	14.862	1.03	0.44	0.00	0.000	0.000	94.4	4	0	0	S
sharded	compio-pool	mix	1	64	16	1	2	ok	64451	257803	984.8	1036.8	1061.9	1100.7	1329.8	16.020	1.03	0.41	0.00	0.000	0.000	94.6	4	0	0	S
sharded	compio-pool	mix	1	64	16	1	3	ok	64755	259020	980.1	1031.9	1057.0	1110.6	1377.1	15.983	1.03	0.42	0.00	0.000	0.000	95.7	4	0	0	S
sharded	compio-pool	mix	1	64	16	1	4	ok	63043	252173	1006.2	1059.8	1083.4	1116.7	1467.0	16.457	1.04	0.40	0.00	0.000	0.000	95.1	4	0	0	S
sharded	compio-pool	mix	1	64	16	1	5	ok	72416	289664	876.3	923.6	960.1	1063.9	1326.0	14.258	1.03	0.44	0.00	0.000	0.000	94.2	4	0	0	S
sharded	tokio-percore	get	1	64	16	1	1	ok	56308	225233	1128.2	1248.5	1292.1	1349.3	1815.3	18.425	1.04	0.32	0.00	0.000	0.000	94.8	6	0	0	S
sharded	tokio-percore	get	1	64	16	1	2	ok	57726	230904	1102.5	1218.6	1268.4	1418.8	2424.4	17.973	1.04	0.33	0.00	0.000	0.000	94.9	6	0	0	S
sharded	tokio-percore	get	1	64	16	1	3	ok	58174	232697	1097.1	1208.5	1255.8	1361.6	1588.3	17.791	1.03	0.32	0.00	0.000	0.000	94.4	6	0	0	S
sharded	tokio-percore	get	1	64	16	1	4	ok	57518	230071	1112.4	1221.2	1270.2	1386.4	1596.5	17.994	1.03	0.33	0.00	0.000	0.000	94.7	6	0	0	S
sharded	tokio-percore	get	1	64	16	1	5	ok	60033	240131	1062.3	1172.7	1214.1	1252.1	1561.2	17.241	1.03	0.35	0.00	0.000	0.000	95.6	6	0	0	S
sharded	tokio-percore	set	1	64	16	1	1	ok	56854	227415	1131.4	1233.7	1279.0	1321.4	1626.2	17.633	1.00	0.33	0.00	0.000	0.000	94.7	6	0	0	S
sharded	tokio-percore	set	1	64	16	1	2	ok	56723	226892	1133.7	1236.6	1284.2	1383.2	2196.2	17.630	1.00	0.34	0.00	0.000	0.000	94.8	6	0	0	S
sharded	tokio-percore	set	1	64	16	1	3	ok	56591	226364	1134.2	1240.2	1289.7	1496.2	2394.5	17.715	1.00	0.33	0.00	0.000	0.000	94.7	6	0	0	S
sharded	tokio-percore	set	1	64	16	1	4	ok	56557	226229	1130.9	1242.5	1300.1	1743.7	2152.5	17.637	1.00	0.32	0.00	0.000	0.000	94.7	6	0	0	S
sharded	tokio-percore	set	1	64	16	1	5	ok	56956	227826	1123.1	1233.9	1281.1	1385.3	1599.6	17.601	1.00	0.32	0.00	0.000	0.000	94.6	6	0	0	S
sharded	tokio-percore	mix	1	64	16	1	1	ok	63988	255950	983.9	1102.3	1138.6	1187.3	2673.9	16.136	1.03	0.37	0.00	0.000	0.000	94.2	6	0	0	S
sharded	tokio-percore	mix	1	64	16	1	2	ok	57616	230464	1113.8	1218.7	1268.4	1415.1	1662.4	18.007	1.04	0.34	0.00	0.000	0.000	94.6	6	0	0	S
sharded	tokio-percore	mix	1	64	16	1	3	ok	57475	229900	1118.7	1221.0	1267.1	1326.6	1609.5	18.051	1.04	0.34	0.00	0.000	0.000	95.5	6	0	0	S
sharded	tokio-percore	mix	1	64	16	1	4	ok	57154	228616	1118.6	1225.2	1548.2	1756.1	2318.4	18.153	1.04	0.33	0.00	0.000	0.000	95.4	6	0	0	S
sharded	tokio-percore	mix	1	64	16	1	5	ok	58357	233428	1099.8	1203.8	1253.3	1366.1	1677.6	17.736	1.03	0.34	0.00	0.000	0.000	94.7	6	0	0	S
sharded	compio-pool	get	2	64	16	1	1	ok	127124	508494	502.5	518.7	546.7	646.9	905.7	16.008	2.04	0.74	0.00	0.000	0.000	91.4	7	0	0	S
sharded	compio-pool	get	2	64	16	1	2	ok	126836	507344	503.3	520.1	548.4	627.8	938.9	16.064	2.04	0.74	0.00	0.000	0.000	91.5	7	0	0	S
sharded	compio-pool	get	2	64	16	1	3	ok	126124	504495	506.9	522.5	542.3	608.1	1601.8	16.095	2.03	0.76	0.00	0.000	0.000	91.5	7	0	0	S
sharded	compio-pool	get	2	64	16	1	4	ok	127460	509840	500.9	516.9	546.0	610.5	1665.8	16.005	2.04	0.74	0.00	0.000	0.000	91.1	7	0	0	S
sharded	compio-pool	get	2	64	16	1	5	ok	125947	503787	507.5	524.6	545.0	610.5	773.3	16.158	2.04	0.77	0.00	0.000	0.000	91.4	7	0	0	S
sharded	compio-pool	set	2	64	16	1	1	ok	126256	505022	505.8	522.8	548.8	626.6	755.2	15.841	2.00	0.75	0.00	0.000	0.000	91.4	7	0	0	S
sharded	compio-pool	set	2	64	16	1	2	ok	125851	503403	507.6	523.5	544.1	616.0	760.7	15.892	2.00	0.78	0.00	0.000	0.000	91.5	7	0	0	S
sharded	compio-pool	set	2	64	16	1	3	ok	126318	505271	505.3	523.3	550.7	651.0	971.9	15.833	2.00	0.77	0.00	0.000	0.000	91.4	7	0	0	S
sharded	compio-pool	set	2	64	16	1	4	ok	125759	503037	508.0	523.6	547.0	585.6	755.3	15.903	2.00	0.77	0.00	0.000	0.000	91.4	7	0	0	S
sharded	compio-pool	set	2	64	16	1	5	ok	126678	506713	504.0	520.8	544.2	572.8	747.8	15.788	2.00	0.76	0.00	0.000	0.000	91.4	7	0	0	S
sharded	compio-pool	mix	2	64	16	1	1	ok	126465	505859	504.6	523.0	548.4	607.6	1444.2	16.111	2.04	0.78	0.00	0.000	0.000	91.4	7	0	0	S
sharded	compio-pool	mix	2	64	16	1	2	ok	126326	505303	505.4	521.8	552.9	672.8	1678.2	16.109	2.04	0.78	0.00	0.000	0.000	91.4	7	0	0	S
sharded	compio-pool	mix	2	64	16	1	3	ok	126058	504234	505.3	524.2	559.9	761.2	1601.1	16.163	2.04	0.78	0.00	0.000	0.000	91.4	7	0	0	S
sharded	compio-pool	mix	2	64	16	1	4	ok	126421	505683	504.9	520.8	550.8	669.1	1518.3	16.057	2.03	0.78	0.00	0.000	0.000	91.3	7	0	0	S
sharded	compio-pool	mix	2	64	16	1	5	ok	126232	504926	506.0	521.1	545.8	585.6	768.0	16.121	2.04	0.78	0.00	0.000	0.000	91.4	7	0	0	S
sharded	tokio-percore	get	2	64	16	1	1	ok	113537	454149	567.3	620.1	644.5	684.5	962.4	17.946	2.04	0.67	0.00	0.000	0.000	91.8	10	0	0	S
sharded	tokio-percore	get	2	64	16	1	2	ok	114035	456139	563.2	618.3	643.4	665.3	846.2	17.845	2.04	0.66	0.00	0.000	0.000	91.9	10	0	0	S
sharded	tokio-percore	get	2	64	16	1	3	ok	113448	453791	568.2	620.3	643.4	667.1	860.4	17.938	2.04	0.66	0.00	0.000	0.000	91.9	10	0	0	S
sharded	tokio-percore	get	2	64	16	1	4	ok	113272	453088	567.5	622.0	646.5	670.4	1020.2	17.988	2.04	0.66	0.00	0.000	0.000	91.9	10	0	0	S
sharded	tokio-percore	get	2	64	16	1	5	ok	113491	453964	568.6	619.7	643.6	672.5	1692.0	17.975	2.04	0.66	0.00	0.000	0.000	91.9	10	0	0	S
sharded	tokio-percore	set	2	64	16	1	1	ok	114984	459938	561.8	610.6	640.2	785.0	2522.1	17.372	2.00	0.69	0.00	0.000	0.000	91.6	10	0	0	S
sharded	tokio-percore	set	2	64	16	1	2	ok	114599	458396	563.6	612.8	641.2	899.5	1075.2	17.452	2.00	0.69	0.00	0.000	0.000	91.8	10	0	0	S
sharded	tokio-percore	set	2	64	16	1	3	ok	114382	457528	565.3	614.0	642.9	757.1	1321.6	17.485	2.00	0.69	0.00	0.000	0.000	91.7	10	0	0	S
sharded	tokio-percore	set	2	64	16	1	4	ok	114558	458234	564.5	612.8	638.8	740.4	1630.0	17.458	2.00	0.69	0.00	0.000	0.000	91.7	10	0	0	S
sharded	tokio-percore	set	2	64	16	1	5	ok	115461	461843	560.4	608.1	632.5	677.0	833.6	17.365	2.00	0.69	0.00	0.000	0.000	91.4	10	0	0	S
sharded	tokio-percore	mix	2	64	16	1	1	ok	115250	461000	561.6	609.0	632.3	654.5	905.6	17.636	2.03	0.70	0.00	0.000	0.000	91.7	10	0	0	S
sharded	tokio-percore	mix	2	64	16	1	2	ok	115588	462350	560.1	607.3	630.0	651.5	829.1	17.627	2.04	0.70	0.00	0.000	0.000	91.3	10	0	0	S
sharded	tokio-percore	mix	2	64	16	1	3	ok	113972	455889	564.6	613.2	710.8	1333.3	1727.3	17.877	2.04	0.70	0.00	0.000	0.000	91.7	10	0	0	S
sharded	tokio-percore	mix	2	64	16	1	4	ok	115407	461627	560.8	607.6	630.2	651.2	4149.5	17.633	2.04	0.70	0.00	0.000	0.000	91.7	10	0	0	S
sharded	tokio-percore	mix	2	64	16	1	5	ok	114854	459418	563.5	610.7	634.0	674.8	2332.1	17.718	2.04	0.70	0.00	0.000	0.000	91.6	10	0	0	S
sharded	compio-pool	get	4	128	16	1	1	ok	257601	1030403	495.4	513.1	538.7	661.3	1516.0	15.819	4.08	1.50	0.00	0.000	0.000	82.2	14	0	0	S
sharded	compio-pool	get	4	128	16	1	2	ok	257507	1030028	495.8	514.0	535.5	607.0	739.3	15.805	4.07	1.48	0.00	0.000	0.000	82.4	14	0	0	S
sharded	compio-pool	get	4	128	16	1	3	ok	255977	1023908	499.2	515.8	535.3	616.4	776.8	15.900	4.07	1.51	0.00	0.000	0.000	82.4	14	0	0	S
sharded	compio-pool	get	4	128	16	1	4	ok	257541	1030163	495.8	512.9	539.8	652.4	2936.7	15.823	4.08	1.50	0.00	0.000	0.000	82.3	14	0	0	S
sharded	compio-pool	get	4	128	16	1	5	ok	255656	1022626	499.2	516.2	535.8	607.3	783.0	15.930	4.07	1.52	0.00	0.000	0.000	82.4	14	0	0	S
sharded	compio-pool	set	4	128	16	1	1	ok	255383	1021533	499.5	517.6	543.8	723.5	1567.6	15.653	4.00	1.55	0.00	0.000	0.000	82.4	14	0	0	S
sharded	compio-pool	set	4	128	16	1	2	ok	256082	1024327	498.9	516.7	538.5	574.3	755.8	15.630	4.00	1.54	0.00	0.000	0.000	82.3	14	0	0	S
sharded	compio-pool	set	4	128	16	1	3	ok	255776	1023106	498.9	516.2	541.5	692.5	2247.4	15.629	4.00	1.54	0.00	0.000	0.000	82.1	14	0	0	S
sharded	compio-pool	set	4	128	16	1	4	ok	254630	1018520	501.3	521.0	539.6	584.1	786.0	15.709	4.00	1.56	0.00	0.000	0.000	82.4	14	0	0	S
sharded	compio-pool	set	4	128	16	1	5	ok	254323	1017291	502.1	520.2	542.2	609.6	827.2	15.748	4.00	1.57	0.00	0.000	0.000	82.4	14	0	0	S
sharded	compio-pool	mix	4	128	16	1	1	ok	255885	1023541	499.2	514.9	536.2	594.5	767.4	15.886	4.07	1.57	0.00	0.000	0.000	82.3	14	0	0	S
sharded	compio-pool	mix	4	128	16	1	2	ok	255832	1023327	499.2	515.6	537.6	629.0	2739.4	15.928	4.08	1.58	0.00	0.000	0.000	82.3	14	0	0	S
sharded	compio-pool	mix	4	128	16	1	3	ok	255058	1020234	500.4	517.1	538.6	597.5	932.4	15.967	4.07	1.56	0.00	0.000	0.000	82.3	14	0	0	S
sharded	compio-pool	mix	4	128	16	1	4	ok	256988	1027950	497.1	513.4	536.4	589.7	722.3	15.828	4.07	1.55	0.00	0.000	0.000	82.4	14	0	0	S
sharded	compio-pool	mix	4	128	16	1	5	ok	256832	1027330	496.5	517.2	546.4	646.0	2357.7	15.866	4.08	1.55	0.00	0.000	0.000	82.3	14	0	0	S
sharded	tokio-percore	get	4	128	16	1	1	ok	231254	925018	555.0	609.2	633.5	698.6	2114.1	17.621	4.08	1.33	0.00	0.000	0.000	83.1	20	0	0	S
sharded	tokio-percore	get	4	128	16	1	2	ok	230408	921634	556.7	611.6	635.2	665.4	1282.8	17.675	4.07	1.32	0.00	0.000	0.000	83.3	20	0	0	S
sharded	tokio-percore	get	4	128	16	1	3	ok	230594	922378	557.1	610.7	634.3	694.6	1433.8	17.672	4.08	1.32	0.00	0.000	0.000	83.2	20	0	0	S
sharded	tokio-percore	get	4	128	16	1	4	ok	230756	923025	556.0	610.1	636.5	805.8	1568.2	17.648	4.07	1.32	0.00	0.000	0.000	83.3	20	0	0	S
sharded	tokio-percore	get	4	128	16	1	5	ok	230349	921397	557.7	611.4	636.7	722.4	1481.8	17.691	4.08	1.32	0.00	0.000	0.000	83.0	20	0	0	S
sharded	tokio-percore	set	4	128	16	1	1	ok	234601	938403	551.7	598.9	622.3	664.0	866.9	17.050	4.00	1.37	0.00	0.000	0.000	83.0	20	0	0	S
sharded	tokio-percore	set	4	128	16	1	2	ok	233764	935056	553.5	600.9	626.3	706.5	1014.5	17.143	4.01	1.38	0.00	0.000	0.000	82.7	20	0	0	S
sharded	tokio-percore	set	4	128	16	1	3	ok	233267	933068	554.4	602.4	626.7	706.3	967.4	17.148	4.00	1.36	0.00	0.000	0.000	83.0	20	0	0	S
sharded	tokio-percore	set	4	128	16	1	4	ok	232932	931727	555.3	603.2	627.3	665.6	1935.9	17.183	4.00	1.37	0.00	0.000	0.000	83.0	20	0	0	S
sharded	tokio-percore	set	4	128	16	1	5	ok	232916	931666	555.2	602.8	628.2	752.7	1678.7	17.184	4.00	1.37	0.00	0.000	0.000	83.0	20	0	0	S
sharded	tokio-percore	mix	4	128	16	1	1	ok	233854	935417	552.8	600.2	625.4	819.4	1680.7	17.393	4.07	1.41	0.00	0.000	0.000	82.9	20	0	0	S
sharded	tokio-percore	mix	4	128	16	1	2	ok	233306	933225	554.9	602.0	625.0	652.4	844.5	17.488	4.08	1.40	0.00	0.000	0.000	82.9	21	0	0	S
sharded	tokio-percore	mix	4	128	16	1	3	ok	233300	933198	554.8	602.1	625.2	659.8	879.3	17.456	4.07	1.40	0.00	0.000	0.000	82.9	21	0	0	S
sharded	tokio-percore	mix	4	128	16	1	4	ok	233969	935876	553.0	600.6	624.1	666.8	947.3	17.417	4.08	1.40	0.00	0.000	0.000	82.9	20	0	0	S
sharded	tokio-percore	mix	4	128	16	1	5	ok	234044	936174	552.9	600.3	623.9	673.4	925.7	17.411	4.08	1.40	0.00	0.000	0.000	82.9	20	0	0	S
sharded	compio-pool	get	8	256	16	1	1	ok	543513	2174051	495.3	516.5	540.4	643.4	920.9	14.977	8.14	3.13	0.00	0.000	0.000	62.6	27	0	0	S
sharded	compio-pool	get	8	256	16	1	2	ok	543082	2172328	495.6	517.1	539.9	599.7	4849.7	14.984	8.14	3.13	0.00	0.000	0.000	62.8	27	0	0	S
sharded	compio-pool	get	8	256	16	1	3	ok	542119	2168475	496.9	517.8	539.2	624.2	2382.4	15.011	8.14	3.14	0.00	0.000	0.000	62.6	27	0	0	S
sharded	compio-pool	get	8	256	16	1	4	ok	541534	2166137	495.6	518.8	543.5	660.6	979.9	15.027	8.14	3.15	0.00	0.000	0.000	62.8	27	0	0	S
sharded	compio-pool	get	8	256	16	1	5	ok	539759	2159037	499.1	520.8	541.3	647.1	776.8	15.085	8.14	3.16	0.00	0.000	0.000	63.0	27	0	0	S
sharded	compio-pool	set	8	256	16	1	1	ok	539726	2158905	498.0	519.0	540.6	571.3	1475.7	14.827	8.00	3.23	0.00	0.000	0.000	62.9	27	0	0	S
sharded	compio-pool	set	8	256	16	1	2	ok	537561	2150243	499.6	522.4	546.8	622.9	1429.0	14.901	8.01	3.23	0.00	0.000	0.000	62.7	27	0	0	S
sharded	compio-pool	set	8	256	16	1	3	ok	538041	2152165	498.9	521.4	545.6	645.7	1411.6	14.878	8.01	3.21	0.00	0.000	0.000	62.6	27	0	0	S
sharded	compio-pool	set	8	256	16	1	4	ok	537258	2149034	500.6	523.6	545.6	651.6	1564.0	14.904	8.01	3.26	0.00	0.000	0.000	62.7	27	0	0	S
sharded	compio-pool	set	8	256	16	1	5	ok	535440	2141761	502.6	527.6	548.9	575.4	1428.7	14.955	8.01	3.25	0.00	0.000	0.000	62.7	27	0	0	S
sharded	compio-pool	mix	8	256	16	1	1	ok	537188	2148751	499.7	521.8	551.0	660.2	3886.0	15.148	8.14	3.25	0.00	0.000	0.000	62.5	27	0	0	S
sharded	compio-pool	mix	8	256	16	1	2	ok	540110	2160439	498.6	519.4	543.8	623.8	2201.7	15.062	8.13	3.28	0.00	0.001	0.000	62.4	27	0	0	S
sharded	compio-pool	mix	8	256	16	1	3	ok	539479	2157917	499.8	520.1	538.8	566.1	734.4	15.098	8.14	3.25	0.00	0.000	0.000	62.9	27	0	0	S
sharded	compio-pool	mix	8	256	16	1	4	ok	539218	2156870	497.7	520.5	543.8	585.7	1327.4	15.096	8.14	3.26	0.00	0.000	0.000	62.7	27	0	0	S
sharded	compio-pool	mix	8	256	16	1	5	ok	537407	2149629	501.7	521.4	539.9	571.6	3741.9	15.137	8.13	3.31	0.00	0.000	0.000	62.5	27	0	0	S
sharded	tokio-percore	get	8	256	16	1	1	ok	488151	1952603	521.8	608.5	636.8	707.0	4667.5	16.696	8.15	2.79	0.00	0.001	0.000	64.6	41	0	0	S
sharded	tokio-percore	get	8	256	16	1	2	ok	486909	1947635	523.0	609.7	636.1	660.2	992.9	16.738	8.15	2.79	0.00	0.000	0.000	64.7	41	0	0	S
sharded	tokio-percore	get	8	256	16	1	3	ok	486862	1947450	523.4	610.7	639.5	728.3	2035.0	16.730	8.14	2.77	0.00	0.000	0.000	64.6	41	0	0	S
sharded	tokio-percore	get	8	256	16	1	4	ok	486210	1944841	524.0	611.2	639.1	707.1	4515.3	16.747	8.14	2.79	0.00	0.001	0.000	64.5	41	0	0	S
sharded	tokio-percore	get	8	256	16	1	5	ok	487936	1951745	522.3	609.2	635.9	667.8	2374.1	16.708	8.15	2.79	0.00	0.000	0.000	64.7	41	0	0	S
sharded	tokio-percore	set	8	256	16	1	1	ok	490716	1962866	518.8	603.2	628.8	652.2	878.3	16.313	8.01	2.88	0.00	0.000	0.000	64.5	41	0	0	S
sharded	tokio-percore	set	8	256	16	1	2	ok	490259	1961037	520.2	605.3	631.8	663.7	1418.9	16.328	8.01	2.88	0.00	0.000	0.000	64.6	41	0	0	S
sharded	tokio-percore	set	8	256	16	1	3	ok	490446	1961782	519.7	604.7	630.6	661.8	929.9	16.332	8.01	2.87	0.00	0.000	0.000	64.8	41	0	0	S
sharded	tokio-percore	set	8	256	16	1	4	ok	491034	1964134	518.9	603.6	629.9	661.5	1812.5	16.297	8.00	2.88	0.00	0.000	0.000	64.6	41	0	0	S
sharded	tokio-percore	set	8	256	16	1	5	ok	490088	1960353	519.7	605.0	632.6	716.0	1588.2	16.339	8.01	2.87	0.00	0.000	0.000	64.7	41	0	0	S
sharded	tokio-percore	mix	8	256	16	1	1	ok	491177	1964708	518.6	603.4	630.1	691.1	1577.4	16.598	8.15	2.93	0.00	0.000	0.000	64.4	41	0	0	S
sharded	tokio-percore	mix	8	256	16	1	2	ok	490948	1963793	517.9	602.4	628.2	656.1	4421.8	16.590	8.14	2.92	0.00	0.000	0.000	64.2	41	0	0	S
sharded	tokio-percore	mix	8	256	16	1	3	ok	489020	1956078	520.2	605.2	634.3	795.1	4577.2	16.630	8.13	2.94	0.00	0.000	0.000	64.3	41	0	0	S
sharded	tokio-percore	mix	8	256	16	1	4	ok	489326	1957304	520.5	605.5	632.7	702.7	1195.7	16.650	8.15	2.93	0.00	0.000	0.000	64.3	41	0	0	S
sharded	tokio-percore	mix	8	256	16	1	5	ok	491487	1965947	517.3	601.6	627.2	653.1	923.4	16.567	8.14	2.94	0.00	0.000	0.000	64.2	41	0	0	S

##### PROGRESS LOG #####
results dir: /home/prabhat/rb-full
single sweep: redis on cpu 0 (1 core), proxy on W cores, clients on the rest
    compio-pool   get   W=1  rps 64891    p50 980.5  p99 1067.9  srvcpu 1.03  redcpu 0.40  S
    compio-pool   get   W=1  rps 64861    p50 979.1  p99 1057.8  srvcpu 1.03  redcpu 0.40  S
    compio-pool   get   W=1  rps 64303    p50 987.1  p99 1064.1  srvcpu 1.03  redcpu 0.38  S
    compio-pool   get   W=1  rps 64580    p50 983.1  p99 1063.0  srvcpu 1.03  redcpu 0.40  S
    compio-pool   get   W=1  rps 65038    p50 976.5  p99 1052.8  srvcpu 1.03  redcpu 0.39  S
    compio-pool   set   W=1  rps 63079    p50 1010.4 p99 1097.6  srvcpu 1.00  redcpu 0.39  S
    compio-pool   set   W=1  rps 63166    p50 1006.9 p99 1097.8  srvcpu 1.00  redcpu 0.39  S
    compio-pool   set   W=1  rps 63366    p50 1001.7 p99 1102.7  srvcpu 1.00  redcpu 0.36  S
    compio-pool   set   W=1  rps 62896    p50 1010.4 p99 1096.0  srvcpu 1.00  redcpu 0.38  S
    compio-pool   set   W=1  rps 63533    p50 999.9  p99 1076.9  srvcpu 1.00  redcpu 0.38  S
    compio-pool   mix   W=1  rps 64768    p50 981.2  p99 1056.2  srvcpu 1.03  redcpu 0.41  S
    compio-pool   mix   W=1  rps 63793    p50 997.1  p99 1076.0  srvcpu 1.03  redcpu 0.42  S
    compio-pool   mix   W=1  rps 63991    p50 991.7  p99 1076.2  srvcpu 1.04  redcpu 0.40  S
    compio-pool   mix   W=1  rps 63618    p50 996.7  p99 1079.7  srvcpu 1.03  redcpu 0.40  S
    compio-pool   mix   W=1  rps 63535    p50 999.4  p99 1077.3  srvcpu 1.03  redcpu 0.41  S
    tokio-percore get   W=1  rps 57572    p50 1106.9 p99 1274.8  srvcpu 1.03  redcpu 0.34  S
    tokio-percore get   W=1  rps 58436    p50 1092.7 p99 1248.6  srvcpu 1.04  redcpu 0.33  S
    tokio-percore get   W=1  rps 58229    p50 1097.5 p99 1244.4  srvcpu 1.03  redcpu 0.33  S
    tokio-percore get   W=1  rps 58922    p50 1081.4 p99 1231.6  srvcpu 1.03  redcpu 0.33  S
    tokio-percore get   W=1  rps 58580    p50 1091.1 p99 1238.0  srvcpu 1.03  redcpu 0.33  S
    tokio-percore set   W=1  rps 57265    p50 1117.5 p99 1267.3  srvcpu 1.00  redcpu 0.32  S
    tokio-percore set   W=1  rps 57983    p50 1104.6 p99 1251.7  srvcpu 1.00  redcpu 0.33  S
    tokio-percore set   W=1  rps 56510    p50 1132.2 p99 1290.6  srvcpu 1.00  redcpu 0.33  S
    tokio-percore set   W=1  rps 56343    p50 1137.9 p99 1295.5  srvcpu 1.00  redcpu 0.33  S
    tokio-percore set   W=1  rps 56839    p50 1127.5 p99 1286.1  srvcpu 1.00  redcpu 0.33  S
    tokio-percore mix   W=1  rps 57653    p50 1116.0 p99 1260.4  srvcpu 1.04  redcpu 0.35  S
    tokio-percore mix   W=1  rps 57912    p50 1110.1 p99 1259.2  srvcpu 1.03  redcpu 0.35  S
    tokio-percore mix   W=1  rps 58319    p50 1102.9 p99 1247.2  srvcpu 1.03  redcpu 0.35  S
    tokio-percore mix   W=1  rps 58682    p50 1095.6 p99 1242.5  srvcpu 1.04  redcpu 0.36  S
    tokio-percore mix   W=1  rps 58609    p50 1095.3 p99 1245.6  srvcpu 1.03  redcpu 0.35  S
    tokio-default get   W=1  rps 51945    p50 1247.6 p99 1326.8  srvcpu 1.04  redcpu 0.42  S
    tokio-default get   W=1  rps 52258    p50 1241.0 p99 1305.9  srvcpu 1.04  redcpu 0.43  S
    tokio-default get   W=1  rps 52450    p50 1236.0 p99 1304.3  srvcpu 1.04  redcpu 0.42  S
    tokio-default get   W=1  rps 51874    p50 1249.7 p99 1325.3  srvcpu 1.04  redcpu 0.42  S
    tokio-default get   W=1  rps 52053    p50 1245.6 p99 1316.4  srvcpu 1.04  redcpu 0.42  S
    tokio-default set   W=1  rps 53202    p50 1218.9 p99 1280.1  srvcpu 1.00  redcpu 0.44  S
    tokio-default set   W=1  rps 52113    p50 1244.3 p99 1306.6  srvcpu 1.00  redcpu 0.42  S
    tokio-default set   W=1  rps 52925    p50 1226.3 p99 1275.8  srvcpu 1.00  redcpu 0.43  S
    tokio-default set   W=1  rps 52228    p50 1241.2 p99 1317.3  srvcpu 1.00  redcpu 0.43  S
    tokio-default set   W=1  rps 52914    p50 1225.1 p99 1289.6  srvcpu 1.00  redcpu 0.43  S
    tokio-default mix   W=1  rps 53729    p50 1206.5 p99 1270.0  srvcpu 1.04  redcpu 0.45  S
    tokio-default mix   W=1  rps 53120    p50 1221.2 p99 1277.3  srvcpu 1.04  redcpu 0.45  S
    tokio-default mix   W=1  rps 53086    p50 1222.5 p99 1271.5  srvcpu 1.04  redcpu 0.45  S
    tokio-default mix   W=1  rps 53196    p50 1219.0 p99 1280.6  srvcpu 1.04  redcpu 0.45  S
    tokio-default mix   W=1  rps 53158    p50 1220.1 p99 1279.2  srvcpu 1.04  redcpu 0.45  S
    compio-pool   get   W=2  rps 129168   p50 496.1  p99 575.6   srvcpu 2.03  redcpu 0.71  S
    compio-pool   get   W=2  rps 129032   p50 537.5  p99 600.8   srvcpu 2.03  redcpu 0.71  S
    compio-pool   get   W=2  rps 127810   p50 544.9  p99 663.8   srvcpu 2.04  redcpu 0.70  S
    compio-pool   get   W=2  rps 127484   p50 499.6  p99 581.7   srvcpu 2.03  redcpu 0.69  S
    compio-pool   get   W=2  rps 129283   p50 494.6  p99 569.8   srvcpu 2.03  redcpu 0.70  S
    compio-pool   set   W=2  rps 126359   p50 510.7  p99 593.6   srvcpu 2.00  redcpu 0.71  S
    compio-pool   set   W=2  rps 127272   p50 479.0  p99 653.7   srvcpu 2.00  redcpu 0.71  S
    compio-pool   set   W=2  rps 126639   p50 508.2  p99 581.5   srvcpu 2.00  redcpu 0.71  S
    compio-pool   set   W=2  rps 126972   p50 505.8  p99 599.8   srvcpu 2.00  redcpu 0.71  S
    compio-pool   set   W=2  rps 125194   p50 500.1  p99 668.8   srvcpu 2.00  redcpu 0.71  S
    compio-pool   mix   W=2  rps 142099   p50 372.4  p99 604.0   srvcpu 2.03  redcpu 0.78  S
    compio-pool   mix   W=2  rps 128676   p50 454.8  p99 620.0   srvcpu 2.04  redcpu 0.73  S
    compio-pool   mix   W=2  rps 128893   p50 500.4  p99 578.1   srvcpu 2.03  redcpu 0.73  S
    compio-pool   mix   W=2  rps 128824   p50 533.7  p99 629.7   srvcpu 2.03  redcpu 0.73  S
    compio-pool   mix   W=2  rps 129466   p50 493.6  p99 546.6   srvcpu 2.04  redcpu 0.73  S
    tokio-percore get   W=2  rps 114794   p50 550.4  p99 690.1   srvcpu 2.04  redcpu 0.63  S
    tokio-percore get   W=2  rps 114977   p50 548.0  p99 713.4   srvcpu 2.04  redcpu 0.64  S
    tokio-percore get   W=2  rps 115173   p50 558.4  p99 649.2   srvcpu 2.04  redcpu 0.62  S
    tokio-percore get   W=2  rps 115421   p50 556.1  p99 656.9   srvcpu 2.04  redcpu 0.63  S
    tokio-percore get   W=2  rps 114594   p50 563.9  p99 641.8   srvcpu 2.04  redcpu 0.62  S
    tokio-percore set   W=2  rps 114967   p50 473.7  p99 811.3   srvcpu 2.00  redcpu 0.66  S
    tokio-percore set   W=2  rps 114099   p50 544.6  p99 747.4   srvcpu 2.00  redcpu 0.65  S
    tokio-percore set   W=2  rps 114660   p50 516.4  p99 778.6   srvcpu 2.00  redcpu 0.64  S
    tokio-percore set   W=2  rps 113954   p50 566.3  p99 646.8   srvcpu 2.00  redcpu 0.64  S
    tokio-percore set   W=2  rps 114228   p50 550.9  p99 756.3   srvcpu 2.00  redcpu 0.65  S
    tokio-percore mix   W=2  rps 116898   p50 537.7  p99 700.2   srvcpu 2.04  redcpu 0.68  S
    tokio-percore mix   W=2  rps 115953   p50 556.5  p99 637.6   srvcpu 2.04  redcpu 0.65  S
    tokio-percore mix   W=2  rps 117368   p50 542.2  p99 654.6   srvcpu 2.04  redcpu 0.67  S
    tokio-percore mix   W=2  rps 118214   p50 528.9  p99 732.1   srvcpu 2.04  redcpu 0.67  S
    tokio-percore mix   W=2  rps 117347   p50 535.7  p99 695.8   srvcpu 2.04  redcpu 0.68  S
    tokio-default get   W=2  rps 94773    p50 678.9  p99 921.3   srvcpu 2.02  redcpu 0.67  S
    tokio-default get   W=2  rps 95056    p50 676.9  p99 918.7   srvcpu 2.01  redcpu 0.67  S
    tokio-default get   W=2  rps 95112    p50 675.2  p99 939.4   srvcpu 2.02  redcpu 0.67  S
    tokio-default get   W=2  rps 94592    p50 680.7  p99 923.0   srvcpu 2.01  redcpu 0.67  S
    tokio-default get   W=2  rps 95080    p50 676.6  p99 920.7   srvcpu 2.01  redcpu 0.67  S
    tokio-default set   W=2  rps 97023    p50 662.9  p99 901.8   srvcpu 1.97  redcpu 0.69  S
    tokio-default set   W=2  rps 96992    p50 663.0  p99 899.6   srvcpu 1.97  redcpu 0.69  S
    tokio-default set   W=2  rps 97474    p50 660.0  p99 895.3   srvcpu 1.97  redcpu 0.69  S
    tokio-default set   W=2  rps 96610    p50 665.9  p99 904.0   srvcpu 1.97  redcpu 0.69  S
    tokio-default set   W=2  rps 96222    p50 668.5  p99 906.8   srvcpu 1.97  redcpu 0.69  S
    tokio-default mix   W=2  rps 97046    p50 663.0  p99 900.3   srvcpu 2.01  redcpu 0.70  S
    tokio-default mix   W=2  rps 97329    p50 660.7  p99 898.9   srvcpu 2.02  redcpu 0.71  S
    tokio-default mix   W=2  rps 97304    p50 661.1  p99 896.5   srvcpu 2.01  redcpu 0.71  S
    tokio-default mix   W=2  rps 98340    p50 654.0  p99 889.2   srvcpu 2.02  redcpu 0.71  S
    tokio-default mix   W=2  rps 105731   p50 608.0  p99 826.1   srvcpu 2.01  redcpu 0.74  S
    compio-pool   get   W=4  rps 196128   p50 623.9  p99 1012.4  srvcpu 3.29  redcpu 1.02  R
    compio-pool   get   W=4  rps 196438   p50 621.0  p99 1002.6  srvcpu 3.30  redcpu 1.02  R
    compio-pool   get   W=4  rps 196714   p50 618.4  p99 998.1   srvcpu 3.32  redcpu 1.02  R
    compio-pool   get   W=4  rps 199449   p50 615.7  p99 979.7   srvcpu 3.33  redcpu 1.02  R
    compio-pool   get   W=4  rps 197528   p50 620.6  p99 986.4   srvcpu 3.33  redcpu 1.02  R
    compio-pool   set   W=4  rps 190933   p50 641.1  p99 1015.5  srvcpu 3.17  redcpu 1.00  R
    compio-pool   set   W=4  rps 191316   p50 635.5  p99 1022.3  srvcpu 3.16  redcpu 1.00  R
    compio-pool   set   W=4  rps 190878   p50 637.1  p99 1024.4  srvcpu 3.18  redcpu 1.00  R
    compio-pool   set   W=4  rps 193415   p50 629.7  p99 1011.0  srvcpu 3.19  redcpu 1.00  R
    compio-pool   set   W=4  rps 191616   p50 638.9  p99 1024.6  srvcpu 3.17  redcpu 1.00  R
    compio-pool   mix   W=4  rps 193598   p50 631.7  p99 1011.4  srvcpu 3.25  redcpu 1.02  R
    compio-pool   mix   W=4  rps 192098   p50 632.9  p99 1018.6  srvcpu 3.23  redcpu 1.02  R
    compio-pool   mix   W=4  rps 193126   p50 632.2  p99 1017.3  srvcpu 3.24  redcpu 1.02  R
    compio-pool   mix   W=4  rps 191237   p50 635.2  p99 1026.7  srvcpu 3.23  redcpu 1.02  R
    compio-pool   mix   W=4  rps 190952   p50 636.7  p99 1028.2  srvcpu 3.23  redcpu 1.02  R
    tokio-percore get   W=4  rps 198514   p50 619.9  p99 998.7   srvcpu 3.63  redcpu 1.02  SR
    tokio-percore get   W=4  rps 200422   p50 615.0  p99 988.2   srvcpu 3.67  redcpu 1.02  SR
    tokio-percore get   W=4  rps 200066   p50 616.1  p99 988.4   srvcpu 3.66  redcpu 1.02  SR
    tokio-percore get   W=4  rps 201312   p50 613.3  p99 979.2   srvcpu 3.67  redcpu 1.02  SR
    tokio-percore get   W=4  rps 200694   p50 616.8  p99 981.5   srvcpu 3.67  redcpu 1.02  SR
    tokio-percore set   W=4  rps 194087   p50 631.9  p99 1011.9  srvcpu 3.46  redcpu 1.00  SR
    tokio-percore set   W=4  rps 193755   p50 633.9  p99 1033.4  srvcpu 3.47  redcpu 1.00  SR
    tokio-percore set   W=4  rps 194454   p50 636.0  p99 1005.0  srvcpu 3.45  redcpu 1.00  SR
    tokio-percore set   W=4  rps 195270   p50 635.6  p99 1003.8  srvcpu 3.45  redcpu 1.00  SR
    tokio-percore set   W=4  rps 193839   p50 634.9  p99 1008.7  srvcpu 3.46  redcpu 1.00  SR
    tokio-percore mix   W=4  rps 194916   p50 634.7  p99 999.9   srvcpu 3.55  redcpu 1.02  SR
    tokio-percore mix   W=4  rps 195853   p50 627.0  p99 1001.3  srvcpu 3.57  redcpu 1.02  SR
    tokio-percore mix   W=4  rps 194066   p50 634.3  p99 1014.0  srvcpu 3.52  redcpu 1.02  SR
    tokio-percore mix   W=4  rps 193741   p50 635.1  p99 1012.8  srvcpu 3.54  redcpu 1.02  SR
    tokio-percore mix   W=4  rps 194080   p50 635.9  p99 1000.8  srvcpu 3.53  redcpu 1.02  SR
    tokio-default get   W=4  rps 185391   p50 685.9  p99 1090.5  srvcpu 3.90  redcpu 1.02  SR
    tokio-default get   W=4  rps 185644   p50 684.7  p99 1087.0  srvcpu 3.90  redcpu 1.01  SR
    tokio-default get   W=4  rps 184734   p50 688.3  p99 1094.8  srvcpu 3.90  redcpu 1.01  SR
    tokio-default get   W=4  rps 183641   p50 691.8  p99 1106.1  srvcpu 3.90  redcpu 1.01  SR
    tokio-default get   W=4  rps 184157   p50 689.3  p99 1101.8  srvcpu 3.90  redcpu 1.01  SR
    tokio-default set   W=4  rps 184875   p50 687.8  p99 1076.7  srvcpu 3.81  redcpu 1.00  SR
    tokio-default set   W=4  rps 186469   p50 682.5  p99 1067.3  srvcpu 3.81  redcpu 1.00  SR
    tokio-default set   W=4  rps 187181   p50 679.7  p99 1065.4  srvcpu 3.81  redcpu 1.00  SR
    tokio-default set   W=4  rps 185816   p50 684.9  p99 1070.1  srvcpu 3.82  redcpu 1.00  SR
    tokio-default set   W=4  rps 186348   p50 682.8  p99 1067.7  srvcpu 3.82  redcpu 1.00  SR
    tokio-default mix   W=4  rps 186258   p50 683.1  p99 1066.6  srvcpu 3.90  redcpu 1.02  SR
    tokio-default mix   W=4  rps 186624   p50 681.3  p99 1069.3  srvcpu 3.89  redcpu 1.02  SR
    tokio-default mix   W=4  rps 187384   p50 679.2  p99 1058.6  srvcpu 3.90  redcpu 1.02  SR
    tokio-default mix   W=4  rps 186612   p50 682.1  p99 1064.2  srvcpu 3.90  redcpu 1.02  SR
    tokio-default mix   W=4  rps 186537   p50 682.2  p99 1070.7  srvcpu 3.90  redcpu 1.02  SR
    compio-pool   get   W=8  rps 164301   p50 1509.8 p99 3033.6  srvcpu 3.57  redcpu 1.05  R
    compio-pool   get   W=8  rps 163817   p50 1510.9 p99 3028.7  srvcpu 3.56  redcpu 1.05  R
    compio-pool   get   W=8  rps 163906   p50 1509.1 p99 3031.9  srvcpu 3.50  redcpu 1.05  R
    compio-pool   get   W=8  rps 164672   p50 1503.3 p99 3013.0  srvcpu 3.55  redcpu 1.05  R
    compio-pool   get   W=8  rps 163020   p50 1518.2 p99 3042.8  srvcpu 3.56  redcpu 1.05  R
    compio-pool   set   W=8  rps 158943   p50 1558.0 p99 3120.8  srvcpu 3.29  redcpu 1.00  R
    compio-pool   set   W=8  rps 161134   p50 1534.9 p99 3075.5  srvcpu 3.29  redcpu 1.00  R
    compio-pool   set   W=8  rps 161469   p50 1533.9 p99 3077.4  srvcpu 3.21  redcpu 1.00  R
    compio-pool   set   W=8  rps 161707   p50 1529.4 p99 3081.8  srvcpu 3.19  redcpu 1.00  R
    compio-pool   set   W=8  rps 163736   p50 1510.6 p99 3032.3  srvcpu 3.22  redcpu 1.00  R
    compio-pool   mix   W=8  rps 161085   p50 1530.9 p99 3076.7  srvcpu 3.49  redcpu 1.05  R
    compio-pool   mix   W=8  rps 161146   p50 1534.7 p99 3081.4  srvcpu 3.49  redcpu 1.05  R
    compio-pool   mix   W=8  rps 162728   p50 1525.0 p99 3062.3  srvcpu 3.51  redcpu 1.05  R
    compio-pool   mix   W=8  rps 163433   p50 1515.4 p99 3042.6  srvcpu 3.50  redcpu 1.05  R
    compio-pool   mix   W=8  rps 162611   p50 1520.7 p99 3047.1  srvcpu 3.52  redcpu 1.05  R
    compio-pool   ping  W=8  rps 179230   p50 1384.8 p99 2777.2  srvcpu 3.53  redcpu 1.00  R
    compio-pool   ping  W=8  rps 182115   p50 1363.3 p99 2737.4  srvcpu 3.66  redcpu 1.00  R
    compio-pool   ping  W=8  rps 181733   p50 1363.9 p99 2741.2  srvcpu 3.52  redcpu 1.00  R
    compio-pool   ping  W=8  rps 179867   p50 1376.6 p99 2760.5  srvcpu 3.65  redcpu 1.00  R
    compio-pool   ping  W=8  rps 179213   p50 1382.6 p99 2774.3  srvcpu 3.58  redcpu 1.00  R
    compio-pool   get   W=8  rps 160170   p50 1543.8 p99 3095.1  srvcpu 3.49  redcpu 1.05  R
    compio-pool   get   W=8  rps 160904   p50 1537.7 p99 3081.1  srvcpu 3.51  redcpu 1.05  R
    compio-pool   get   W=8  rps 157372   p50 1573.0 p99 3152.3  srvcpu 3.46  redcpu 1.05  R
    compio-pool   get   W=8  rps 157554   p50 1570.5 p99 3149.1  srvcpu 3.44  redcpu 1.05  R
    compio-pool   get   W=8  rps 157312   p50 1571.0 p99 3151.0  srvcpu 3.45  redcpu 1.05  R
    compio-pool   get   W=8  rps 118484   p50 2143.7 p99 4314.7  srvcpu 2.96  redcpu 1.07  R
    compio-pool   get   W=8  rps 123128   p50 2022.4 p99 4045.8  srvcpu 3.06  redcpu 1.05  R
    compio-pool   get   W=8  rps 122482   p50 2034.9 p99 4077.5  srvcpu 3.07  redcpu 1.06  R
    compio-pool   get   W=8  rps 124000   p50 2004.2 p99 4012.9  srvcpu 3.12  redcpu 1.06  R
    compio-pool   get   W=8  rps 122184   p50 2041.0 p99 4091.2  srvcpu 3.08  redcpu 1.05  R
    compio-pool   get   W=8  rps 153952   p50 13154.0 p99 23369.4 srvcpu 2.86  redcpu 1.06  R
    compio-pool   get   W=8  rps 151694   p50 13253.9 p99 23496.1 srvcpu 2.84  redcpu 1.05  R
    compio-pool   get   W=8  rps 155602   p50 12970.8 p99 23345.6 srvcpu 2.88  redcpu 1.05  R
    compio-pool   get   W=8  rps 154080   p50 13093.4 p99 23214.4 srvcpu 2.87  redcpu 1.05  R
    compio-pool   get   W=8  rps 159596   p50 12806.7 p99 22875.9 srvcpu 2.89  redcpu 1.05  R
    tokio-percore get   W=8  rps 167838   p50 1474.6 p99 2955.4  srvcpu 3.85  redcpu 1.05  R
    tokio-percore get   W=8  rps 167948   p50 1472.6 p99 2951.1  srvcpu 3.86  redcpu 1.05  R
    tokio-percore get   W=8  rps 168068   p50 1471.0 p99 2944.1  srvcpu 3.87  redcpu 1.05  R
    tokio-percore get   W=8  rps 169164   p50 1461.2 p99 2927.4  srvcpu 3.87  redcpu 1.05  R
    tokio-percore get   W=8  rps 167867   p50 1472.0 p99 2947.6  srvcpu 3.87  redcpu 1.05  R
    tokio-percore set   W=8  rps 161688   p50 1529.3 p99 3060.0  srvcpu 3.52  redcpu 1.00  R
    tokio-percore set   W=8  rps 161120   p50 1534.1 p99 3073.5  srvcpu 3.51  redcpu 1.00  R
    tokio-percore set   W=8  rps 163960   p50 1507.6 p99 3017.5  srvcpu 3.52  redcpu 1.00  R
    tokio-percore set   W=8  rps 161332   p50 1531.6 p99 3069.4  srvcpu 3.53  redcpu 1.00  R
    tokio-percore set   W=8  rps 161787   p50 1527.4 p99 3064.8  srvcpu 3.50  redcpu 1.00  R
    tokio-percore mix   W=8  rps 164866   p50 1497.1 p99 3000.8  srvcpu 3.69  redcpu 1.05  R
    tokio-percore mix   W=8  rps 162868   p50 1516.8 p99 3041.3  srvcpu 3.70  redcpu 1.05  R
    tokio-percore mix   W=8  rps 162657   p50 1520.0 p99 3049.1  srvcpu 3.72  redcpu 1.05  R
    tokio-percore mix   W=8  rps 163570   p50 1509.9 p99 3022.6  srvcpu 3.72  redcpu 1.05  R
    tokio-percore mix   W=8  rps 163583   p50 1510.1 p99 3028.5  srvcpu 3.71  redcpu 1.05  R
    tokio-percore ping  W=8  rps 183612   p50 1349.2 p99 2701.4  srvcpu 3.92  redcpu 1.00  R
    tokio-percore ping  W=8  rps 186971   p50 1323.6 p99 2658.3  srvcpu 3.96  redcpu 1.00  R
    tokio-percore ping  W=8  rps 180697   p50 1370.2 p99 2748.4  srvcpu 3.88  redcpu 1.00  R
    tokio-percore ping  W=8  rps 182580   p50 1355.1 p99 2713.8  srvcpu 3.89  redcpu 1.00  R
    tokio-percore ping  W=8  rps 177767   p50 1393.8 p99 2792.5  srvcpu 3.85  redcpu 1.00  R
    tokio-percore get   W=8  rps 161110   p50 1535.0 p99 3077.0  srvcpu 3.77  redcpu 1.05  R
    tokio-percore get   W=8  rps 160665   p50 1537.3 p99 3084.5  srvcpu 3.76  redcpu 1.05  R
    tokio-percore get   W=8  rps 159628   p50 1548.1 p99 3101.0  srvcpu 3.73  redcpu 1.05  R
    tokio-percore get   W=8  rps 160480   p50 1538.5 p99 3085.2  srvcpu 3.77  redcpu 1.05  R
    tokio-percore get   W=8  rps 161279   p50 1533.2 p99 3072.2  srvcpu 3.78  redcpu 1.05  R
    tokio-percore get   W=8  rps 116424   p50 2158.4 p99 4328.4  srvcpu 3.23  redcpu 1.07  R
    tokio-percore get   W=8  rps 121568   p50 2049.3 p99 4104.7  srvcpu 3.35  redcpu 1.06  R
    tokio-percore get   W=8  rps 122866   p50 2019.5 p99 4047.4  srvcpu 3.35  redcpu 1.06  R
    tokio-percore get   W=8  rps 121917   p50 2041.4 p99 4092.3  srvcpu 3.35  redcpu 1.06  R
    tokio-percore get   W=8  rps 121623   p50 2040.5 p99 4084.0  srvcpu 3.33  redcpu 1.06  R
    tokio-percore get   W=8  rps 168698   p50 11890.8 p99 21979.7 srvcpu 3.31  redcpu 1.06  R
    tokio-percore get   W=8  rps 167360   p50 12026.2 p99 22068.2 srvcpu 3.33  redcpu 1.05  R
    tokio-percore get   W=8  rps 162080   p50 12406.3 p99 23030.9 srvcpu 3.28  redcpu 1.05  R
    tokio-percore get   W=8  rps 170726   p50 11800.1 p99 21274.0 srvcpu 3.34  redcpu 1.05  R
    tokio-percore get   W=8  rps 167442   p50 11986.2 p99 22348.2 srvcpu 3.33  redcpu 1.05  R
    tokio-default get   W=8  rps 192915   p50 1246.4 p99 2256.1  srvcpu 4.83  redcpu 1.04  R
    tokio-default get   W=8  rps 195096   p50 1231.5 p99 2232.1  srvcpu 4.84  redcpu 1.04  R
    tokio-default get   W=8  rps 195114   p50 1232.3 p99 2233.1  srvcpu 4.86  redcpu 1.04  R
    tokio-default get   W=8  rps 196989   p50 1221.5 p99 2202.0  srvcpu 4.91  redcpu 1.04  R
    tokio-default get   W=8  rps 196710   p50 1222.4 p99 2209.0  srvcpu 4.89  redcpu 1.04  R
    tokio-default set   W=8  rps 188043   p50 1273.8 p99 2300.6  srvcpu 4.45  redcpu 1.00  R
    tokio-default set   W=8  rps 187484   p50 1275.0 p99 2307.2  srvcpu 4.45  redcpu 1.00  R
    tokio-default set   W=8  rps 184674   p50 1297.1 p99 2352.1  srvcpu 4.42  redcpu 1.00  R
    tokio-default set   W=8  rps 184826   p50 1294.1 p99 2354.2  srvcpu 4.42  redcpu 1.00  R
    tokio-default set   W=8  rps 186300   p50 1284.4 p99 2332.4  srvcpu 4.42  redcpu 1.00  R
    tokio-default mix   W=8  rps 182989   p50 1307.1 p99 2384.6  srvcpu 4.59  redcpu 1.04  R
    tokio-default mix   W=8  rps 185357   p50 1290.7 p99 2346.4  srvcpu 4.62  redcpu 1.04  R
    tokio-default mix   W=8  rps 189114   p50 1267.8 p99 2281.3  srvcpu 4.68  redcpu 1.05  R
    tokio-default mix   W=8  rps 188440   p50 1270.0 p99 2292.2  srvcpu 4.66  redcpu 1.04  R
    tokio-default mix   W=8  rps 188967   p50 1267.1 p99 2278.3  srvcpu 4.67  redcpu 1.04  R
    tokio-default ping  W=8  rps 211169   p50 1148.8 p99 2124.0  srvcpu 4.90  redcpu 1.00  R
    tokio-default ping  W=8  rps 212002   p50 1144.6 p99 2102.8  srvcpu 4.93  redcpu 1.00  R
    tokio-default ping  W=8  rps 211458   p50 1148.6 p99 2114.6  srvcpu 4.93  redcpu 1.00  R
    tokio-default ping  W=8  rps 209047   p50 1162.0 p99 2145.9  srvcpu 4.92  redcpu 1.00  R
    tokio-default ping  W=8  rps 208024   p50 1166.9 p99 2155.2  srvcpu 4.90  redcpu 1.00  R
    tokio-default get   W=8  rps 180250   p50 1326.0 p99 2419.9  srvcpu 4.64  redcpu 1.05  R
    tokio-default get   W=8  rps 180923   p50 1321.9 p99 2412.4  srvcpu 4.65  redcpu 1.05  R
    tokio-default get   W=8  rps 181075   p50 1319.7 p99 2406.8  srvcpu 4.66  redcpu 1.04  R
    tokio-default get   W=8  rps 183952   p50 1299.4 p99 2360.1  srvcpu 4.69  redcpu 1.05  R
    tokio-default get   W=8  rps 182848   p50 1308.7 p99 2377.7  srvcpu 4.67  redcpu 1.04  R
    tokio-default get   W=8  rps 132000   p50 1900.3 p99 3837.8  srvcpu 4.13  redcpu 1.07  R
    tokio-default get   W=8  rps 140062   p50 1752.5 p99 3524.2  srvcpu 4.31  redcpu 1.05  R
    tokio-default get   W=8  rps 141961   p50 1727.6 p99 3460.4  srvcpu 4.32  redcpu 1.05  R
    tokio-default get   W=8  rps 140880   p50 1740.8 p99 3501.2  srvcpu 4.29  redcpu 1.05  R
    tokio-default get   W=8  rps 141608   p50 1732.4 p99 3478.4  srvcpu 4.30  redcpu 1.05  R
    tokio-default get   W=8  rps 200980   p50 9876.0 p99 18570.6 srvcpu 4.43  redcpu 1.05  R
    tokio-default get   W=8  rps 196950   p50 10082.2 p99 18885.8 srvcpu 4.38  redcpu 1.04  R
    tokio-default get   W=8  rps 197194   p50 10080.6 p99 18924.0 srvcpu 4.38  redcpu 1.05  R
    tokio-default get   W=8  rps 197594   p50 10060.0 p99 18838.6 srvcpu 4.38  redcpu 1.04  R
    tokio-default get   W=8  rps 199058   p50 9994.7 p99 18736.2 srvcpu 4.41  redcpu 1.04  R
    compio-pool   get   W=16 rps 119897   p50 4203.3 p99 8253.4  srvcpu 3.35  redcpu 1.14  R
    compio-pool   get   W=16 rps 120598   p50 4179.0 p99 8268.5  srvcpu 3.34  redcpu 1.14  R
    compio-pool   get   W=16 rps 118242   p50 4279.4 p99 8358.7  srvcpu 3.31  redcpu 1.14  R
    compio-pool   get   W=16 rps 121356   p50 4144.2 p99 8234.1  srvcpu 3.36  redcpu 1.14  R
    compio-pool   get   W=16 rps 124036   p50 4074.8 p99 8047.2  srvcpu 3.38  redcpu 1.14  R
    compio-pool   set   W=16 rps 122976   p50 4087.8 p99 8115.1  srvcpu 2.90  redcpu 1.00  R
    compio-pool   set   W=16 rps 116800   p50 4322.2 p99 8524.9  srvcpu 2.90  redcpu 1.00  R
    compio-pool   set   W=16 rps 117787   p50 4283.6 p99 8464.2  srvcpu 2.89  redcpu 1.00  R
    compio-pool   set   W=16 rps 115682   p50 4357.6 p99 8661.5  srvcpu 2.84  redcpu 1.00  R
    compio-pool   set   W=16 rps 118044   p50 4275.0 p99 8473.1  srvcpu 2.88  redcpu 1.00  R
    compio-pool   mix   W=16 rps 115973   p50 4351.2 p99 8617.3  srvcpu 3.25  redcpu 1.14  R
    compio-pool   mix   W=16 rps 117016   p50 4309.9 p99 8543.8  srvcpu 3.25  redcpu 1.14  R
    compio-pool   mix   W=16 rps 118048   p50 4273.7 p99 8480.7  srvcpu 3.29  redcpu 1.14  R
    compio-pool   mix   W=16 rps 121218   p50 4148.0 p99 7983.9  srvcpu 3.31  redcpu 1.14  R
    compio-pool   mix   W=16 rps 118771   p50 4240.8 p99 8413.4  srvcpu 3.31  redcpu 1.14  R
    tokio-percore get   W=16 rps 121542   p50 4139.0 p99 8222.2  srvcpu 3.56  redcpu 1.14  R
    tokio-percore get   W=16 rps 120933   p50 4166.8 p99 8227.3  srvcpu 3.57  redcpu 1.15  R
    tokio-percore get   W=16 rps 122234   p50 4108.3 p99 8204.6  srvcpu 3.57  redcpu 1.14  R
    tokio-percore get   W=16 rps 120837   p50 4173.6 p99 8286.7  srvcpu 3.53  redcpu 1.15  R
    tokio-percore get   W=16 rps 121224   p50 4162.2 p99 8260.5  srvcpu 3.54  redcpu 1.14  R
    tokio-percore set   W=16 rps 119288   p50 4228.9 p99 8362.7  srvcpu 3.00  redcpu 1.00  R
    tokio-percore set   W=16 rps 118046   p50 4290.2 p99 8416.7  srvcpu 2.99  redcpu 1.00  R
    tokio-percore set   W=16 rps 117576   p50 4278.3 p99 8504.8  srvcpu 3.02  redcpu 1.00  R
    tokio-percore set   W=16 rps 116335   p50 4344.3 p99 8592.9  srvcpu 2.99  redcpu 1.00  R
    tokio-percore set   W=16 rps 120224   p50 4200.8 p99 8295.2  srvcpu 3.06  redcpu 1.00  R
    tokio-percore mix   W=16 rps 116746   p50 4324.2 p99 8568.0  srvcpu 3.43  redcpu 1.14  R
    tokio-percore mix   W=16 rps 117373   p50 4292.0 p99 8541.5  srvcpu 3.44  redcpu 1.15  R
    tokio-percore mix   W=16 rps 118075   p50 4261.6 p99 8475.3  srvcpu 3.44  redcpu 1.14  R
    tokio-percore mix   W=16 rps 118728   p50 4238.1 p99 8420.7  srvcpu 3.43  redcpu 1.14  R
    tokio-percore mix   W=16 rps 123479   p50 4047.1 p99 8025.4  srvcpu 3.43  redcpu 1.14  R
    tokio-default get   W=16 rps 151347   p50 3255.3 p99 6679.6  srvcpu 5.15  redcpu 1.12  R
    tokio-default get   W=16 rps 150134   p50 3273.1 p99 6711.4  srvcpu 5.11  redcpu 1.11  R
    tokio-default get   W=16 rps 150110   p50 3301.4 p99 6766.0  srvcpu 5.07  redcpu 1.11  R
    tokio-default get   W=16 rps 153266   p50 3205.8 p99 6563.2  srvcpu 5.17  redcpu 1.11  R
    tokio-default get   W=16 rps 150742   p50 3268.3 p99 6709.6  srvcpu 5.12  redcpu 1.11  R
    tokio-default set   W=16 rps 146869   p50 3355.7 p99 6894.0  srvcpu 4.45  redcpu 1.00  R
    tokio-default set   W=16 rps 148643   p50 3311.1 p99 6803.7  srvcpu 4.47  redcpu 1.00  R
    tokio-default set   W=16 rps 148375   p50 3320.2 p99 6814.0  srvcpu 4.48  redcpu 1.00  R
    tokio-default set   W=16 rps 146128   p50 3377.9 p99 6904.9  srvcpu 4.44  redcpu 1.00  R
    tokio-default set   W=16 rps 146600   p50 3365.5 p99 6876.5  srvcpu 4.45  redcpu 1.00  R
    tokio-default mix   W=16 rps 147164   p50 3355.1 p99 6870.3  srvcpu 4.94  redcpu 1.11  R
    tokio-default mix   W=16 rps 145569   p50 3392.7 p99 6939.3  srvcpu 4.92  redcpu 1.11  R
    tokio-default mix   W=16 rps 144444   p50 3438.0 p99 7041.4  srvcpu 4.89  redcpu 1.11  R
    tokio-default mix   W=16 rps 147436   p50 3330.1 p99 6940.6  srvcpu 4.91  redcpu 1.11  R
    tokio-default mix   W=16 rps 143721   p50 3437.6 p99 7024.6  srvcpu 4.88  redcpu 1.11  R
sharded sweep: shard = 1 redis core + 1 proxy core (dedicated); client fans across shards
    compio-pool   get   W=1  rps 64994    p50 977.9  p99 1053.9  srvcpu 1.03  redcpu 0.39  S
    compio-pool   get   W=1  rps 64478    p50 985.7  p99 1063.8  srvcpu 1.03  redcpu 0.39  S
    compio-pool   get   W=1  rps 63477    p50 999.3  p99 1090.8  srvcpu 1.03  redcpu 0.40  S
    compio-pool   get   W=1  rps 64561    p50 985.5  p99 1066.7  srvcpu 1.03  redcpu 0.41  S
    compio-pool   get   W=1  rps 65295    p50 970.3  p99 1079.6  srvcpu 1.03  redcpu 0.38  S
    compio-pool   set   W=1  rps 62982    p50 1008.4 p99 1095.1  srvcpu 1.00  redcpu 0.38  S
    compio-pool   set   W=1  rps 62168    p50 1021.0 p99 1107.3  srvcpu 1.00  redcpu 0.38  S
    compio-pool   set   W=1  rps 62589    p50 1013.5 p99 1107.3  srvcpu 1.00  redcpu 0.38  S
    compio-pool   set   W=1  rps 63060    p50 1006.8 p99 1100.0  srvcpu 1.00  redcpu 0.37  S
    compio-pool   set   W=1  rps 62289    p50 1018.7 p99 1102.2  srvcpu 1.00  redcpu 0.38  S
    compio-pool   mix   W=1  rps 69642    p50 911.7  p99 988.6   srvcpu 1.03  redcpu 0.44  S
    compio-pool   mix   W=1  rps 64451    p50 984.8  p99 1061.9  srvcpu 1.03  redcpu 0.41  S
    compio-pool   mix   W=1  rps 64755    p50 980.1  p99 1057.0  srvcpu 1.03  redcpu 0.42  S
    compio-pool   mix   W=1  rps 63043    p50 1006.2 p99 1083.4  srvcpu 1.04  redcpu 0.40  S
    compio-pool   mix   W=1  rps 72416    p50 876.3  p99 960.1   srvcpu 1.03  redcpu 0.44  S
    tokio-percore get   W=1  rps 56308    p50 1128.2 p99 1292.1  srvcpu 1.04  redcpu 0.32  S
    tokio-percore get   W=1  rps 57726    p50 1102.5 p99 1268.4  srvcpu 1.04  redcpu 0.33  S
    tokio-percore get   W=1  rps 58174    p50 1097.1 p99 1255.8  srvcpu 1.03  redcpu 0.32  S
    tokio-percore get   W=1  rps 57518    p50 1112.4 p99 1270.2  srvcpu 1.03  redcpu 0.33  S
    tokio-percore get   W=1  rps 60033    p50 1062.3 p99 1214.1  srvcpu 1.03  redcpu 0.35  S
    tokio-percore set   W=1  rps 56854    p50 1131.4 p99 1279.0  srvcpu 1.00  redcpu 0.33  S
    tokio-percore set   W=1  rps 56723    p50 1133.7 p99 1284.2  srvcpu 1.00  redcpu 0.34  S
    tokio-percore set   W=1  rps 56591    p50 1134.2 p99 1289.7  srvcpu 1.00  redcpu 0.33  S
    tokio-percore set   W=1  rps 56557    p50 1130.9 p99 1300.1  srvcpu 1.00  redcpu 0.32  S
    tokio-percore set   W=1  rps 56956    p50 1123.1 p99 1281.1  srvcpu 1.00  redcpu 0.32  S
    tokio-percore mix   W=1  rps 63988    p50 983.9  p99 1138.6  srvcpu 1.03  redcpu 0.37  S
    tokio-percore mix   W=1  rps 57616    p50 1113.8 p99 1268.4  srvcpu 1.04  redcpu 0.34  S
    tokio-percore mix   W=1  rps 57475    p50 1118.7 p99 1267.1  srvcpu 1.04  redcpu 0.34  S
    tokio-percore mix   W=1  rps 57154    p50 1118.6 p99 1548.2  srvcpu 1.04  redcpu 0.33  S
    tokio-percore mix   W=1  rps 58357    p50 1099.8 p99 1253.3  srvcpu 1.03  redcpu 0.34  S
    compio-pool   get   W=2  rps 127124   p50 502.5  p99 546.7   srvcpu 2.04  redcpu 0.74  S
    compio-pool   get   W=2  rps 126836   p50 503.3  p99 548.4   srvcpu 2.04  redcpu 0.74  S
    compio-pool   get   W=2  rps 126124   p50 506.9  p99 542.3   srvcpu 2.03  redcpu 0.76  S
    compio-pool   get   W=2  rps 127460   p50 500.9  p99 546.0   srvcpu 2.04  redcpu 0.74  S
    compio-pool   get   W=2  rps 125947   p50 507.5  p99 545.0   srvcpu 2.04  redcpu 0.77  S
    compio-pool   set   W=2  rps 126256   p50 505.8  p99 548.8   srvcpu 2.00  redcpu 0.75  S
    compio-pool   set   W=2  rps 125851   p50 507.6  p99 544.1   srvcpu 2.00  redcpu 0.78  S
    compio-pool   set   W=2  rps 126318   p50 505.3  p99 550.7   srvcpu 2.00  redcpu 0.77  S
    compio-pool   set   W=2  rps 125759   p50 508.0  p99 547.0   srvcpu 2.00  redcpu 0.77  S
    compio-pool   set   W=2  rps 126678   p50 504.0  p99 544.2   srvcpu 2.00  redcpu 0.76  S
    compio-pool   mix   W=2  rps 126465   p50 504.6  p99 548.4   srvcpu 2.04  redcpu 0.78  S
    compio-pool   mix   W=2  rps 126326   p50 505.4  p99 552.9   srvcpu 2.04  redcpu 0.78  S
    compio-pool   mix   W=2  rps 126058   p50 505.3  p99 559.9   srvcpu 2.04  redcpu 0.78  S
    compio-pool   mix   W=2  rps 126421   p50 504.9  p99 550.8   srvcpu 2.03  redcpu 0.78  S
    compio-pool   mix   W=2  rps 126232   p50 506.0  p99 545.8   srvcpu 2.04  redcpu 0.78  S
    tokio-percore get   W=2  rps 113537   p50 567.3  p99 644.5   srvcpu 2.04  redcpu 0.67  S
    tokio-percore get   W=2  rps 114035   p50 563.2  p99 643.4   srvcpu 2.04  redcpu 0.66  S
    tokio-percore get   W=2  rps 113448   p50 568.2  p99 643.4   srvcpu 2.04  redcpu 0.66  S
    tokio-percore get   W=2  rps 113272   p50 567.5  p99 646.5   srvcpu 2.04  redcpu 0.66  S
    tokio-percore get   W=2  rps 113491   p50 568.6  p99 643.6   srvcpu 2.04  redcpu 0.66  S
    tokio-percore set   W=2  rps 114984   p50 561.8  p99 640.2   srvcpu 2.00  redcpu 0.69  S
    tokio-percore set   W=2  rps 114599   p50 563.6  p99 641.2   srvcpu 2.00  redcpu 0.69  S
    tokio-percore set   W=2  rps 114382   p50 565.3  p99 642.9   srvcpu 2.00  redcpu 0.69  S
    tokio-percore set   W=2  rps 114558   p50 564.5  p99 638.8   srvcpu 2.00  redcpu 0.69  S
    tokio-percore set   W=2  rps 115461   p50 560.4  p99 632.5   srvcpu 2.00  redcpu 0.69  S
    tokio-percore mix   W=2  rps 115250   p50 561.6  p99 632.3   srvcpu 2.03  redcpu 0.70  S
    tokio-percore mix   W=2  rps 115588   p50 560.1  p99 630.0   srvcpu 2.04  redcpu 0.70  S
    tokio-percore mix   W=2  rps 113972   p50 564.6  p99 710.8   srvcpu 2.04  redcpu 0.70  S
    tokio-percore mix   W=2  rps 115407   p50 560.8  p99 630.2   srvcpu 2.04  redcpu 0.70  S
    tokio-percore mix   W=2  rps 114854   p50 563.5  p99 634.0   srvcpu 2.04  redcpu 0.70  S
    compio-pool   get   W=4  rps 257601   p50 495.4  p99 538.7   srvcpu 4.08  redcpu 1.50  S
    compio-pool   get   W=4  rps 257507   p50 495.8  p99 535.5   srvcpu 4.07  redcpu 1.48  S
    compio-pool   get   W=4  rps 255977   p50 499.2  p99 535.3   srvcpu 4.07  redcpu 1.51  S
    compio-pool   get   W=4  rps 257541   p50 495.8  p99 539.8   srvcpu 4.08  redcpu 1.50  S
    compio-pool   get   W=4  rps 255656   p50 499.2  p99 535.8   srvcpu 4.07  redcpu 1.52  S
    compio-pool   set   W=4  rps 255383   p50 499.5  p99 543.8   srvcpu 4.00  redcpu 1.55  S
    compio-pool   set   W=4  rps 256082   p50 498.9  p99 538.5   srvcpu 4.00  redcpu 1.54  S
    compio-pool   set   W=4  rps 255776   p50 498.9  p99 541.5   srvcpu 4.00  redcpu 1.54  S
    compio-pool   set   W=4  rps 254630   p50 501.3  p99 539.6   srvcpu 4.00  redcpu 1.56  S
    compio-pool   set   W=4  rps 254323   p50 502.1  p99 542.2   srvcpu 4.00  redcpu 1.57  S
    compio-pool   mix   W=4  rps 255885   p50 499.2  p99 536.2   srvcpu 4.07  redcpu 1.57  S
    compio-pool   mix   W=4  rps 255832   p50 499.2  p99 537.6   srvcpu 4.08  redcpu 1.58  S
    compio-pool   mix   W=4  rps 255058   p50 500.4  p99 538.6   srvcpu 4.07  redcpu 1.56  S
    compio-pool   mix   W=4  rps 256988   p50 497.1  p99 536.4   srvcpu 4.07  redcpu 1.55  S
    compio-pool   mix   W=4  rps 256832   p50 496.5  p99 546.4   srvcpu 4.08  redcpu 1.55  S
    tokio-percore get   W=4  rps 231254   p50 555.0  p99 633.5   srvcpu 4.08  redcpu 1.33  S
    tokio-percore get   W=4  rps 230408   p50 556.7  p99 635.2   srvcpu 4.07  redcpu 1.32  S
    tokio-percore get   W=4  rps 230594   p50 557.1  p99 634.3   srvcpu 4.08  redcpu 1.32  S
    tokio-percore get   W=4  rps 230756   p50 556.0  p99 636.5   srvcpu 4.07  redcpu 1.32  S
    tokio-percore get   W=4  rps 230349   p50 557.7  p99 636.7   srvcpu 4.08  redcpu 1.32  S
    tokio-percore set   W=4  rps 234601   p50 551.7  p99 622.3   srvcpu 4.00  redcpu 1.37  S
    tokio-percore set   W=4  rps 233764   p50 553.5  p99 626.3   srvcpu 4.01  redcpu 1.38  S
    tokio-percore set   W=4  rps 233267   p50 554.4  p99 626.7   srvcpu 4.00  redcpu 1.36  S
    tokio-percore set   W=4  rps 232932   p50 555.3  p99 627.3   srvcpu 4.00  redcpu 1.37  S
    tokio-percore set   W=4  rps 232916   p50 555.2  p99 628.2   srvcpu 4.00  redcpu 1.37  S
    tokio-percore mix   W=4  rps 233854   p50 552.8  p99 625.4   srvcpu 4.07  redcpu 1.41  S
    tokio-percore mix   W=4  rps 233306   p50 554.9  p99 625.0   srvcpu 4.08  redcpu 1.40  S
    tokio-percore mix   W=4  rps 233300   p50 554.8  p99 625.2   srvcpu 4.07  redcpu 1.40  S
    tokio-percore mix   W=4  rps 233969   p50 553.0  p99 624.1   srvcpu 4.08  redcpu 1.40  S
    tokio-percore mix   W=4  rps 234044   p50 552.9  p99 623.9   srvcpu 4.08  redcpu 1.40  S
    compio-pool   get   W=8  rps 543513   p50 495.3  p99 540.4   srvcpu 8.14  redcpu 3.13  S
    compio-pool   get   W=8  rps 543082   p50 495.6  p99 539.9   srvcpu 8.14  redcpu 3.13  S
    compio-pool   get   W=8  rps 542119   p50 496.9  p99 539.2   srvcpu 8.14  redcpu 3.14  S
    compio-pool   get   W=8  rps 541534   p50 495.6  p99 543.5   srvcpu 8.14  redcpu 3.15  S
    compio-pool   get   W=8  rps 539759   p50 499.1  p99 541.3   srvcpu 8.14  redcpu 3.16  S
    compio-pool   set   W=8  rps 539726   p50 498.0  p99 540.6   srvcpu 8.00  redcpu 3.23  S
    compio-pool   set   W=8  rps 537561   p50 499.6  p99 546.8   srvcpu 8.01  redcpu 3.23  S
    compio-pool   set   W=8  rps 538041   p50 498.9  p99 545.6   srvcpu 8.01  redcpu 3.21  S
    compio-pool   set   W=8  rps 537258   p50 500.6  p99 545.6   srvcpu 8.01  redcpu 3.26  S
    compio-pool   set   W=8  rps 535440   p50 502.6  p99 548.9   srvcpu 8.01  redcpu 3.25  S
    compio-pool   mix   W=8  rps 537188   p50 499.7  p99 551.0   srvcpu 8.14  redcpu 3.25  S
    compio-pool   mix   W=8  rps 540110   p50 498.6  p99 543.8   srvcpu 8.13  redcpu 3.28  S
    compio-pool   mix   W=8  rps 539479   p50 499.8  p99 538.8   srvcpu 8.14  redcpu 3.25  S
    compio-pool   mix   W=8  rps 539218   p50 497.7  p99 543.8   srvcpu 8.14  redcpu 3.26  S
    compio-pool   mix   W=8  rps 537407   p50 501.7  p99 539.9   srvcpu 8.13  redcpu 3.31  S
    tokio-percore get   W=8  rps 488151   p50 521.8  p99 636.8   srvcpu 8.15  redcpu 2.79  S
    tokio-percore get   W=8  rps 486909   p50 523.0  p99 636.1   srvcpu 8.15  redcpu 2.79  S
    tokio-percore get   W=8  rps 486862   p50 523.4  p99 639.5   srvcpu 8.14  redcpu 2.77  S
    tokio-percore get   W=8  rps 486210   p50 524.0  p99 639.1   srvcpu 8.14  redcpu 2.79  S
    tokio-percore get   W=8  rps 487936   p50 522.3  p99 635.9   srvcpu 8.15  redcpu 2.79  S
    tokio-percore set   W=8  rps 490716   p50 518.8  p99 628.8   srvcpu 8.01  redcpu 2.88  S
    tokio-percore set   W=8  rps 490259   p50 520.2  p99 631.8   srvcpu 8.01  redcpu 2.88  S
    tokio-percore set   W=8  rps 490446   p50 519.7  p99 630.6   srvcpu 8.01  redcpu 2.87  S
    tokio-percore set   W=8  rps 491034   p50 518.9  p99 629.9   srvcpu 8.00  redcpu 2.88  S
    tokio-percore set   W=8  rps 490088   p50 519.7  p99 632.6   srvcpu 8.01  redcpu 2.87  S
    tokio-percore mix   W=8  rps 491177   p50 518.6  p99 630.1   srvcpu 8.15  redcpu 2.93  S
    tokio-percore mix   W=8  rps 490948   p50 517.9  p99 628.2   srvcpu 8.14  redcpu 2.92  S
    tokio-percore mix   W=8  rps 489020   p50 520.2  p99 634.3   srvcpu 8.13  redcpu 2.94  S
    tokio-percore mix   W=8  rps 489326   p50 520.5  p99 632.7   srvcpu 8.15  redcpu 2.93  S
    tokio-percore mix   W=8  rps 491487   p50 517.3  p99 627.2   srvcpu 8.14  redcpu 2.94  S
done in 29 min
