##### bench.sh 1 - upload this file #####

##### ENVIRONMENT #####
bench.sh version:  1
date (UTC):        2026-10-02T19:25:57Z
host:              high-core-machine
note:              <instance type>
command line:      --note <instance type>
kernel:            Linux 6.12.107+deb13-cloud-amd64 #1 SMP PREEMPT_DYNAMIC Debian 6.12.107-1 (2026-08-29) x86_64
virtualization:    google
cpus allowed:      16 (8 physical cores; threads/core 2; NUMA nodes 1)
max split workers: 4 (client ratio 1.5)
memory (MiB):      total 62289, available 60908
io_uring_disabled: 0
cpu governor:      n/a
somaxconn:         4096   tcp_tw_reuse: 2   nofile: 524288
rustc:             rustc 1.99.0 (b940084d7 2026-09-28)
git:               reuseport-workers@1ffe0be
cache cpu0:        L1 Data 48K
cache cpu0:        L1 Instruction 32K
cache cpu0:        L2 Unified 1024K
cache cpu0:        L3 Unified 32768K
vulnerability mitigations (they change syscall cost):
  gather_data_sampling: Not affected
  indirect_target_selection: Not affected
  itlb_multihit: Not affected
  l1tf: Not affected
  mds: Not affected
  meltdown: Not affected
  mmio_stale_data: Not affected
  reg_file_data_sampling: Not affected
  retbleed: Not affected
  spec_rstack_overflow: Mitigation: IBPB on VMEXIT only
  spec_store_bypass: Mitigation: Speculative Store Bypass disabled via prctl
  spectre_v1: Mitigation: usercopy/swapgs barriers and __user pointer sanitization
  spectre_v2: Mitigation: Enhanced / Automatic IBRS; IBPB: conditional; STIBP: always-on; PBRSB-eIBRS: Not affected; BHI: Not affected
  srbds: Not affected
  tsa: Not affected
  tsx_async_abort: Not affected
  vmscape: Not affected

--- lscpu ---
Architecture:                            x86_64
CPU op-mode(s):                          32-bit, 64-bit
Address sizes:                           52 bits physical, 57 bits virtual
Byte Order:                              Little Endian
CPU(s):                                  16
On-line CPU(s) list:                     0-15
Vendor ID:                               AuthenticAMD
Model name:                              AMD EPYC 9B45
CPU family:                              26
Model:                                   2
Thread(s) per core:                      2
Core(s) per socket:                      8
Socket(s):                               1
Stepping:                                1
BogoMIPS:                                5391.90
Flags:                                   fpu vme de pse tsc msr pae mce cx8 apic sep mtrr pge mca cmov pat pse36 clflush mmx fxsr sse sse2 ht syscall nx mmxext fxsr_opt pdpe1gb rdtscp lm constant_tsc rep_good nopl xtopology nonstop_tsc cpuid extd_apicid aperfmperf tsc_known_freq pni pclmulqdq monitor ssse3 fma cx16 pcid sse4_1 sse4_2 x2apic movbe popcnt tsc_deadline_timer aes xsave avx f16c rdrand hypervisor lahf_lm cmp_legacy cr8_legacy abm sse4a misalignsse 3dnowprefetch osvw topoext mwaitx ssbd ibrs ibpb stibp ibrs_enhanced vmmcall fsgsbase tsc_adjust bmi1 avx2 smep bmi2 invpcid avx512f avx512dq rdseed adx smap avx512ifma clflushopt clwb avx512cd sha_ni avx512bw avx512vl xsaveopt xsavec xgetbv1 xsaves avx_vnni avx512_bf16 clzero xsaveerptr wbnoinvd arat avx512vbmi umip pku ospke avx512_vbmi2 gfni vaes vpclmulqdq avx512_vnni avx512_bitalg avx512_vpopcntdq rdpid movdiri movdir64b avx512_vp2intersect flush_l1d
Hypervisor vendor:                       KVM
Virtualization type:                     full
L1d cache:                               384 KiB (8 instances)
L1i cache:                               256 KiB (8 instances)
L2 cache:                                8 MiB (8 instances)
L3 cache:                                32 MiB (1 instance)
NUMA node(s):                            1
NUMA node0 CPU(s):                       0-15
Vulnerability Gather data sampling:      Not affected
Vulnerability Indirect target selection: Not affected
Vulnerability Itlb multihit:             Not affected
Vulnerability L1tf:                      Not affected
Vulnerability Mds:                       Not affected
Vulnerability Meltdown:                  Not affected
Vulnerability Mmio stale data:           Not affected
Vulnerability Reg file data sampling:    Not affected
Vulnerability Retbleed:                  Not affected
Vulnerability Spec rstack overflow:      Mitigation; IBPB on VMEXIT only
Vulnerability Spec store bypass:         Mitigation; Speculative Store Bypass disabled via prctl
Vulnerability Spectre v1:                Mitigation; usercopy/swapgs barriers and __user pointer sanitization
Vulnerability Spectre v2:                Mitigation; Enhanced / Automatic IBRS; IBPB conditional; STIBP always-on; PBRSB-eIBRS Not affected; BHI Not affected
Vulnerability Srbds:                     Not affected
Vulnerability Tsa:                       Not affected
Vulnerability Tsx async abort:           Not affected
Vulnerability Vmscape:                   Not affected

##### SUMMARY #####
Legend: S = server CPUs >=85% busy (server-bound). C = client CPUs >=85% busy (client-bound:
the number mostly measures the load generator; read it as a lower bound). B = whole box
>=90% busy (shared / onecpu placement). No flag = neither saturated. '+-N%' is half the
min-max spread over repeats. Each cell is the median run by req/s.

=== scale512 ===

median req/s [flag] +-spread
                              tokio-default              tokio-per-core             compio-pool                pc/default   compio/pc    
W=1                           451630 [S] +-1%            460882 [S] +-0%            418787 [S] +-0%            1.02x        0.91x        
W=2                           859508 [S] +-0%            948205 [S] +-0%            865371 [S] +-0%            1.10x        0.91x        
W=4                           1363151 [S] +-0%           1507097 [S] +-0%           1442679 [S] +-0%           1.11x        0.96x        

p50 / p99 latency, us
                              tokio-default              tokio-per-core             compio-pool                
W=1                           142 / 156                  137 / 150                  150 / 176                  
W=2                           74 / 109                   70 / 80                    74 / 82                    
W=4                           91 / 164                   82 / 107                   87 / 106                   

CPU us per request: server(user+sys) / client
                              tokio-default              tokio-per-core             compio-pool                
W=1                           2.2 / 3.0                  2.1 / 3.0                  2.4 / 2.9                  
W=2                           2.2 / 3.3                  2.1 / 3.2                  2.3 / 3.1                  
W=4                           2.7 / 4.1                  2.6 / 4.0                  2.7 / 3.9                  

=== scale16k ===

median req/s [flag] +-spread
                              tokio-default              tokio-per-core             compio-pool                pc/default   compio/pc    
W=1                           274379 [S] +-0%            275213 [S] +-0%            284810 [S] +-0%            1.00x        1.03x        
W=2                           550510 [S] +-0%            583746 [S] +-0%            620494 [S] +-0%            1.06x        1.06x        
W=4                           996051 [S] +-0%            1088320 [S] +-0%           1064520 [S] +-0%           1.09x        0.98x        

p50 / p99 latency, us
                              tokio-default              tokio-per-core             compio-pool                
W=1                           234 / 256                  230 / 252                  220 / 272                  
W=2                           116 / 173                  110 / 130                  84 / 139                   
W=4                           125 / 218                  113 / 140                  118 / 139                  

CPU us per request: server(user+sys) / client
                              tokio-default              tokio-per-core             compio-pool                
W=1                           3.6 / 4.4                  3.6 / 4.3                  3.5 / 3.8                  
W=2                           3.5 / 4.5                  3.4 / 4.5                  3.2 / 4.2                  
W=4                           3.8 / 5.8                  3.6 / 5.7                  3.7 / 5.4                  

=== payload ===

median req/s [flag] +-spread
                              tokio-default              tokio-per-core             compio-pool                pc/default   compio/pc    
64 B                          1378057 [S] +-0%           1516836 [S] +-0%           1450550 [S] +-0%           1.10x        0.96x        
512 B                         1370130 [S] +-0%           1500863 [S] +-0%           1433999 [S] +-0%           1.10x        0.96x        
2048 B                        1312689 [S] +-0%           1452457 [S] +-0%           1380326 [S] +-0%           1.11x        0.95x        
8192 B                        1202212 [S] +-0%           1323407 [S] +-0%           1274375 [S] +-0%           1.10x        0.96x        
16384 B                       997372 [S] +-0%            1088332 [S] +-0%           1063295 [S] +-0%           1.09x        0.98x        

p50 / p99 latency, us
                              tokio-default              tokio-per-core             compio-pool                
64 B                          91 / 162                   78 / 123                   88 / 117                   
512 B                         91 / 164                   82 / 114                   88 / 116                   
2048 B                        95 / 169                   84 / 123                   92 / 114                   
8192 B                        104 / 184                  95 / 140                   101 / 125                  
16384 B                       126 / 218                  118 / 136                  110 / 170                  

CPU us per request: server(user+sys) / client
                              tokio-default              tokio-per-core             compio-pool                
64 B                          2.7 / 4.0                  2.6 / 4.0                  2.7 / 3.8                  
512 B                         2.7 / 4.1                  2.6 / 4.0                  2.7 / 3.9                  
2048 B                        2.8 / 4.3                  2.7 / 4.2                  2.9 / 4.1                  
8192 B                        3.1 / 4.8                  3.0 / 4.8                  3.1 / 4.6                  
16384 B                       3.8 / 5.8                  3.6 / 5.7                  3.7 / 5.4                  

=== conns ===

median req/s [flag] +-spread
                              tokio-default              tokio-per-core             compio-pool                pc/default   compio/pc    
4 conns                       516946 +-1%                766124 +-2%                751304 +-0%                1.48x        0.98x        
16 conns                      1211794 [S] +-0%           1349839 [S] +-2%           1344670 [S] +-7%           1.11x        1.00x        
64 conns                      1318362 [S] +-0%           1505972 [S] +-0%           1445563 [S] +-0%           1.14x        0.96x        
256 conns                     1409189 [S] +-0%           1514200 [S] +-0%           1440657 [S] +-0%           1.07x        0.95x        
1024 conns                    1433258 [S] +-10%          1474102 [S] +-0%           1406786 [S] +-0%           1.03x        0.95x        

p50 / p99 latency, us
                              tokio-default              tokio-per-core             compio-pool                
4 conns                       7 / 14                     5 / 10                     5 / 9                      
16 conns                      13 / 23                    12 / 21                    11 / 22                    
64 conns                      48 / 83                    40 / 69                    42 / 66                    
256 conns                     178 / 309                  170 / 223                  163 / 231                  
1024 conns                    508 / 2149                 650 / 801                  704 / 804                  

CPU us per request: server(user+sys) / client
                              tokio-default              tokio-per-core             compio-pool                
4 conns                       3.6 / 3.1                  2.7 / 2.8                  3.0 / 2.8                  
16 conns                      2.9 / 3.8                  2.7 / 4.0                  2.9 / 4.0                  
64 conns                      2.7 / 4.0                  2.6 / 4.0                  2.7 / 3.9                  
256 conns                     2.7 / 4.1                  2.6 / 4.1                  2.7 / 4.0                  
1024 conns                    2.7 / 4.3                  2.6 / 4.3                  2.8 / 4.1                  

=== shared ===

median req/s [flag] +-spread
                              tokio-default              tokio-per-core             compio-pool                pc/default   compio/pc    
512 B, W=1                    441818 +-1%                449281 +-1%                399403 +-2%                1.02x        0.89x        
512 B, W=2                    821153 +-1%                872543 +-0%                784330 +-1%                1.06x        0.90x        
512 B, W=4                    1313812 +-1%               1441599 +-0%               1342008 +-0%               1.10x        0.93x        
512 B, W=8                    1723693 +-0%               1960865 +-0%               1895704 +-0%               1.14x        0.97x        
16384 B, W=1                  274429 +-1%                270366 +-0%                271694 +-1%                0.99x        1.00x        
16384 B, W=2                  557101 +-0%                567292 +-0%                536872 +-1%                1.02x        0.95x        
16384 B, W=4                  941243 +-0%                980893 +-0%                962757 +-0%                1.04x        0.98x        
16384 B, W=8                  1220146 +-0%               1358254 +-2%               1278631 +-1%               1.11x        0.94x        

p50 / p99 latency, us
                              tokio-default              tokio-per-core             compio-pool                
512 B, W=1                    143 / 193                  141 / 157                  157 / 182                  
512 B, W=2                    78 / 119                   72 / 83                    80 / 93                    
512 B, W=4                    93 / 179                   87 / 101                   88 / 134                   
512 B, W=8                    129 / 583                  108 / 261                  107 / 310                  
16384 B, W=1                  234 / 261                  234 / 257                  230 / 283                  
16384 B, W=2                  116 / 174                  114 / 139                  118 / 134                  
16384 B, W=4                  132 / 249                  135 / 160                  115 / 188                  
16384 B, W=8                  178 / 1116                 124 / 684                  128 / 1343                 

CPU us per request: server(user+sys) / client
                              tokio-default              tokio-per-core             compio-pool                
512 B, W=1                    2.2 / 3.0                  2.2 / 3.0                  2.5 / 2.8                  
512 B, W=2                    2.3 / 3.2                  2.3 / 3.1                  2.5 / 3.0                  
512 B, W=4                    2.8 / 3.8                  2.7 / 3.7                  2.9 / 3.7                  
512 B, W=8                    3.6 / 4.1                  3.1 / 3.6                  3.5 / 3.7                  
16384 B, W=1                  3.6 / 4.4                  3.7 / 4.4                  3.6 / 3.9                  
16384 B, W=2                  3.5 / 4.5                  3.5 / 4.3                  3.7 / 4.2                  
16384 B, W=4                  4.0 / 5.4                  4.0 / 5.4                  4.1 / 5.0                  
16384 B, W=8                  5.1 / 6.1                  4.5 / 5.4                  4.9 / 5.4                  

=== onecpu ===

median req/s [flag] +-spread
                              tokio-default              tokio-per-core             compio-pool                pc/default   compio/pc    
16384 B x 2 conns             179936 [B] +-0%            180508 [B] +-0%            175243 [B] +-0%            1.00x        0.97x        
16384 B x 4 conns             185216 [B] +-1%            189015 [B] +-0%            185084 [B] +-1%            1.02x        0.98x        
16384 B x 8 conns             185594 [B] +-1%            188811 [B] +-0%            174937 [B] +-0%            1.02x        0.93x        
16384 B x 16 conns            183762 [B] +-0%            184274 [B] +-0%            166347 [B] +-1%            1.00x        0.90x        
16384 B x 32 conns            183941 [B] +-0%            183969 [B] +-0%            162457 [B] +-0%            1.00x        0.88x        
512 B x 16 conns              239743 [B] +-0%            242596 [B] +-1%            241600 [B] +-0%            1.01x        1.00x        
2048 B x 16 conns             225407 [B] +-0%            229423 [B] +-0%            226827 [B] +-0%            1.02x        0.99x        
4096 B x 16 conns             211849 [B] +-0%            216618 [B] +-1%            217135 [B] +-0%            1.02x        1.00x        
8192 B x 16 conns             200720 [B] +-0%            198790 [B] +-0%            194895 [B] +-0%            0.99x        0.98x        

p50 / p99 latency, us
                              tokio-default              tokio-per-core             compio-pool                
16384 B x 2 conns             8 / 30                     11 / 27                    10 / 16                    
16384 B x 4 conns             13 / 44                    21 / 47                    22 / 34                    
16384 B x 8 conns             24 / 123                   31 / 144                   45 / 76                    
16384 B x 16 conns            10 / 320                   10 / 365                   96 / 146                   
16384 B x 32 conns            5 / 862                    5 / 924                    197 / 284                  
512 B x 16 conns              70 / 107                   66 / 101                   66 / 102                   
2048 B x 16 conns             74 / 114                   70 / 107                   71 / 108                   
4096 B x 16 conns             79 / 121                   74 / 113                   74 / 113                   
8192 B x 16 conns             84 / 128                   80 / 124                   82 / 125                   

CPU us per request: server(user+sys) / client
                              tokio-default              tokio-per-core             compio-pool                
16384 B x 2 conns             2.7 / 2.9                  2.7 / 2.8                  2.8 / 2.9                  
16384 B x 4 conns             2.5 / 2.8                  2.5 / 2.8                  2.7 / 2.7                  
16384 B x 8 conns             2.5 / 2.9                  2.4 / 2.9                  2.7 / 3.0                  
16384 B x 16 conns            2.4 / 3.0                  2.4 / 3.0                  2.8 / 3.2                  
16384 B x 32 conns            2.4 / 3.1                  2.4 / 3.1                  2.9 / 3.2                  
512 B x 16 conns              1.9 / 2.2                  1.9 / 2.2                  1.9 / 2.2                  
2048 B x 16 conns             2.0 / 2.4                  2.0 / 2.4                  2.1 / 2.3                  
4096 B x 16 conns             2.2 / 2.5                  2.1 / 2.5                  2.1 / 2.5                  
8192 B x 16 conns             2.3 / 2.7                  2.3 / 2.8                  2.4 / 2.8                  

=== churn ===

median req/s [flag] +-spread
                              tokio-default              tokio-per-core             compio-pool                compio-pool@cap2           compio-pool@cap1           pc/default   compio/pc    
reconnect per request         23545 [C] +-4%             25736 [C] +-0%             25713 [C] +-0%             25383 [C] +-0%             21358 +-5%                 1.09x        1.00x        

p50 / p99 latency, us
                              tokio-default              tokio-per-core             compio-pool                compio-pool@cap2           compio-pool@cap1           
reconnect per request         331 / 15677                207 / 16515                220 / 15578                253 / 7690                 365 / 13671                

CPU us per request: server(user+sys) / client
                              tokio-default              tokio-per-core             compio-pool                compio-pool@cap2           compio-pool@cap1           
reconnect per request         13.3 / 325.5               10.1 / 306.9               10.7 / 306.4               12.2 / 299.9               15.5 / 174.4               

##### RAW RUNS (TSV, one line per run; the columns are in the header line) #####
#suite	row	server	repeat	workers	conns	bytes	capacity	server_cpus	client_cpus	status	rps	reqs	p50_us	p90_us	p99_us	p999_us	max_us	srv_user_us_per_req	srv_sys_us_per_req	srv_vol_cs_per_req	srv_invol_cs_per_req	cli_cpu_us_per_req	sys_cs_per_req	idle_pct	failed_clients	srv_cpus_used	cli_cpus_used	flag	steal_pct	server_stats
scale512	W=1	tokio-default	1	1	64	512	1024	0	1,9,2,10,3,11,4,12,5,13,6,14,7,15	ok	451630	2258149	141.7	148.4	156.4	164.4	265.6	0.372	1.825	0.0000	0.0001	3.029	2.003	85.6	0	0.992	1.368	S	0.00	
scale512	W=1	tokio-per-core	1	1	64	512	1024	0	1,9,2,10,3,11,4,12,5,13,6,14,7,15	ok	460882	2304409	136.8	142.8	150.1	159.1	242.8	0.338	1.810	0.0000	0.0000	3.016	2.003	85.4	0	0.990	1.390	S	0.00	
scale512	W=1	compio-pool	1	1	64	512	1024	0	1,9,2,10,3,11,4,12,5,13,6,14,7,15	ok	419044	2095221	149.2	162.8	175.7	184.1	263.6	0.420	1.943	0.0000	0.0000	2.913	2.002	86.5	0	0.990	1.221	S	0.00	
scale512	W=1	tokio-per-core	2	1	64	512	1024	0	1,9,2,10,3,11,4,12,5,13,6,14,7,15	ok	453743	2268713	138.6	144.6	152.0	160.0	349.0	0.335	1.842	0.0000	0.0000	3.015	2.002	85.6	0	0.988	1.368	S	0.00	
scale512	W=1	compio-pool	2	1	64	512	1024	0	1,9,2,10,3,11,4,12,5,13,6,14,7,15	ok	418787	2093933	150.2	164.6	176.0	184.6	246.8	0.396	1.982	0.0000	0.0000	2.910	2.002	86.1	0	0.996	1.219	S	0.00	
scale512	W=1	tokio-default	2	1	64	512	1024	0	1,9,2,10,3,11,4,12,5,13,6,14,7,15	ok	459784	2298922	139.4	145.5	153.4	161.3	256.7	0.374	1.788	0.0000	0.0001	3.051	2.003	85.5	0	0.994	1.403	S	0.00	
scale512	W=1	compio-pool	3	1	64	512	1024	0	1,9,2,10,3,11,4,12,5,13,6,14,7,15	ok	416789	2083945	150.4	164.6	175.8	184.2	280.4	0.379	1.996	0.0000	0.0000	2.908	2.002	86.3	0	0.990	1.212	S	0.00	
scale512	W=1	tokio-default	3	1	64	512	1024	0	1,9,2,10,3,11,4,12,5,13,6,14,7,15	ok	449647	2248234	142.3	148.9	157.0	167.6	424.6	0.409	1.797	0.0000	0.0001	3.046	2.003	85.5	0	0.992	1.370	S	0.00	
scale512	W=1	tokio-per-core	3	1	64	512	1024	0	1,9,2,10,3,11,4,12,5,13,6,14,7,15	ok	462190	2310952	137.1	142.9	150.2	157.2	324.6	0.312	1.839	0.0000	0.0000	3.018	2.002	85.4	0	0.994	1.395	S	0.00	
scale512	W=2	tokio-default	1	2	64	512	1024	0,1	2,10,3,11,4,12,5,13,6,14,7,15	ok	856532	4282659	74.1	99.6	109.3	117.5	208.1	0.390	1.833	0.0123	0.0002	3.279	2.023	71.4	0	1.904	2.809	S	0.00	
scale512	W=2	tokio-per-core	1	2	64	512	1024	0,1	2,10,3,11,4,12,5,13,6,14,7,15	ok	948711	4743557	77.2	82.8	88.6	95.2	288.3	0.335	1.762	0.0000	0.0000	3.244	2.000	68.6	0	1.990	3.077	S	0.00	
scale512	W=2	compio-pool	1	2	64	512	1024	0,1	2,10,3,11,4,12,5,13,6,14,7,15	ok	862825	4314123	75.0	84.3	89.1	96.2	518.1	0.408	1.894	0.0000	0.0000	3.149	2.000	71.1	0	1.986	2.717	S	0.00	
scale512	W=2	tokio-per-core	2	2	64	512	1024	0,1	2,10,3,11,4,12,5,13,6,14,7,15	ok	948205	4741026	69.6	74.3	79.9	86.0	270.4	0.291	1.806	0.0000	0.0000	3.224	2.000	68.9	0	1.988	3.057	S	0.00	
scale512	W=2	compio-pool	2	2	64	512	1024	0,1	2,10,3,11,4,12,5,13,6,14,7,15	ok	865371	4326855	73.5	76.7	82.3	99.4	636.5	0.391	1.907	0.0000	0.0000	3.141	2.000	70.8	0	1.988	2.718	S	0.00	
scale512	W=2	tokio-default	2	2	64	512	1024	0,1	2,10,3,11,4,12,5,13,6,14,7,15	ok	859802	4299010	73.8	99.1	110.1	137.8	4147.5	0.388	1.821	0.0124	0.0002	3.301	2.023	71.0	0	1.900	2.838	S	0.00	
scale512	W=2	compio-pool	3	2	64	512	1024	0,1	2,10,3,11,4,12,5,13,6,14,7,15	ok	868813	4344064	74.7	78.8	83.5	90.4	697.5	0.414	1.872	0.0000	0.0000	3.142	2.000	71.0	0	1.986	2.730	S	0.00	
scale512	W=2	tokio-default	3	2	64	512	1024	0,1	2,10,3,11,4,12,5,13,6,14,7,15	ok	859508	4297538	73.6	99.0	108.8	118.8	729.0	0.368	1.843	0.0123	0.0002	3.290	2.023	70.7	0	1.900	2.828	S	0.00	
scale512	W=2	tokio-per-core	3	2	64	512	1024	0,1	2,10,3,11,4,12,5,13,6,14,7,15	ok	945641	4728203	68.7	73.0	78.6	85.6	1129.7	0.317	1.785	0.0000	0.0000	3.227	2.000	68.7	0	1.988	3.051	S	0.00	
scale512	W=4	tokio-default	1	4	128	512	1024	0,1,2,3	4,12,5,13,6,14,7,15	ok	1362895	6814475	91.3	131.6	161.7	190.2	406.4	0.362	2.345	0.0122	0.0003	4.046	1.550	41.2	0	3.690	5.514	S	0.00	
scale512	W=4	tokio-per-core	1	4	128	512	1024	0,1,2,3	4,12,5,13,6,14,7,15	ok	1507097	7535483	81.7	98.2	106.9	114.3	708.8	0.309	2.318	0.0000	0.0001	4.011	1.524	35.4	0	3.960	6.045	S	0.00	
scale512	W=4	compio-pool	1	4	128	512	1024	0,1,2,3	4,12,5,13,6,14,7,15	ok	1437449	7187247	88.3	100.3	109.7	133.4	457.1	0.388	2.346	0.0000	0.0001	3.879	1.594	38.0	0	3.930	5.576	S	0.00	
scale512	W=4	tokio-per-core	2	4	128	512	1024	0,1,2,3	4,12,5,13,6,14,7,15	ok	1513215	7566076	86.4	98.9	106.7	114.8	493.2	0.296	2.312	0.0000	0.0001	4.006	1.511	35.3	0	3.946	6.061	S	0.00	
scale512	W=4	compio-pool	2	4	128	512	1024	0,1,2,3	4,12,5,13,6,14,7,15	ok	1447095	7235476	88.6	98.7	106.4	115.3	1277.7	0.375	2.347	0.0000	0.0001	3.874	1.614	37.5	0	3.938	5.606	S	0.00	
scale512	W=4	tokio-default	2	4	128	512	1024	0,1,2,3	4,12,5,13,6,14,7,15	ok	1363151	6815754	91.4	132.1	163.6	194.7	613.9	0.361	2.352	0.0119	0.0003	4.061	1.549	40.7	0	3.698	5.536	S	0.00	
scale512	W=4	compio-pool	3	4	128	512	1024	0,1,2,3	4,12,5,13,6,14,7,15	ok	1442679	7213397	87.3	97.3	105.8	117.3	767.2	0.374	2.355	0.0000	0.0001	3.880	1.594	37.7	0	3.938	5.597	S	0.00	
scale512	W=4	tokio-default	3	4	128	512	1024	0,1,2,3	4,12,5,13,6,14,7,15	ok	1367710	6838548	91.3	131.8	162.9	193.9	449.5	0.373	2.337	0.0119	0.0003	4.061	1.548	40.6	0	3.706	5.554	S	0.00	
scale512	W=4	tokio-per-core	3	4	128	512	1024	0,1,2,3	4,12,5,13,6,14,7,15	ok	1505559	7527795	84.4	106.3	115.5	127.3	682.5	0.316	2.311	0.0000	0.0001	4.006	1.527	35.7	0	3.956	6.032	S	0.00	
scale16k	W=1	tokio-default	1	1	64	16384	1024	0	1,9,2,10,3,11,4,12,5,13,6,14,7,15	ok	273741	1368704	234.9	244.7	256.5	271.2	524.5	0.446	3.185	0.0001	0.0001	4.272	2.004	86.7	0	0.994	1.169	S	0.00	
scale16k	W=1	tokio-per-core	1	1	64	16384	1024	0	1,9,2,10,3,11,4,12,5,13,6,14,7,15	ok	275866	1379330	229.9	239.5	250.2	263.1	461.7	0.399	3.204	0.0000	0.0001	4.266	2.003	86.5	0	0.994	1.177	S	0.00	
scale16k	W=1	compio-pool	1	1	64	16384	1024	0	1,9,2,10,3,11,4,12,5,13,6,14,7,15	ok	285429	1427145	219.3	236.4	271.1	289.3	394.3	0.406	3.076	0.0000	0.0001	3.878	2.004	86.8	0	0.994	1.107	S	0.00	
scale16k	W=1	tokio-per-core	2	1	64	16384	1024	0	1,9,2,10,3,11,4,12,5,13,6,14,7,15	ok	274293	1371467	231.1	239.7	250.7	266.0	374.1	0.430	3.194	0.0000	0.0001	4.282	2.004	86.5	0	0.994	1.175	S	0.00	
scale16k	W=1	compio-pool	2	1	64	16384	1024	0	1,9,2,10,3,11,4,12,5,13,6,14,7,15	ok	284810	1424048	219.8	237.3	271.7	287.5	514.3	0.379	3.104	0.0000	0.0001	3.805	2.003	87.1	0	0.992	1.084	S	0.00	
scale16k	W=1	tokio-default	2	1	64	16384	1024	0	1,9,2,10,3,11,4,12,5,13,6,14,7,15	ok	274379	1371895	234.3	244.9	256.0	269.2	351.1	0.518	3.105	0.0001	0.0001	4.372	2.004	86.4	0	0.994	1.200	S	0.00	
scale16k	W=1	compio-pool	3	1	64	16384	1024	0	1,9,2,10,3,11,4,12,5,13,6,14,7,15	ok	282339	1411696	222.3	241.6	269.3	285.1	808.9	0.489	3.032	0.0000	0.0001	3.869	2.005	86.9	0	0.994	1.092	S	0.00	
scale16k	W=1	tokio-default	3	1	64	16384	1024	0	1,9,2,10,3,11,4,12,5,13,6,14,7,15	ok	274596	1372978	233.6	243.1	254.3	266.6	324.4	0.473	3.139	0.0001	0.0001	4.286	2.004	86.6	0	0.992	1.177	S	0.00	
scale16k	W=1	tokio-per-core	3	1	64	16384	1024	0	1,9,2,10,3,11,4,12,5,13,6,14,7,15	ok	275213	1376067	230.4	240.9	251.8	271.8	764.1	0.407	3.198	0.0000	0.0001	4.338	2.005	86.1	0	0.992	1.194	S	0.00	
scale16k	W=2	tokio-default	1	2	64	16384	1024	0,1	2,10,3,11,4,12,5,13,6,14,7,15	ok	550499	2752496	115.5	155.7	172.4	184.7	667.5	0.425	3.092	0.0106	0.0002	4.531	2.022	73.6	0	1.936	2.494	S	0.00	
scale16k	W=2	tokio-per-core	1	2	64	16384	1024	0,1	2,10,3,11,4,12,5,13,6,14,7,15	ok	582880	2914398	115.8	127.4	139.5	146.9	361.2	0.374	3.033	0.0000	0.0001	4.475	2.001	74.5	0	1.986	2.608	S	0.00	
scale16k	W=2	compio-pool	1	2	64	16384	1024	0,1	2,10,3,11,4,12,5,13,6,14,7,15	ok	622634	3113171	83.4	133.8	141.8	151.4	856.6	0.392	2.798	0.0000	0.0001	4.159	2.001	71.5	0	1.986	2.589	S	0.00	
scale16k	W=2	tokio-per-core	2	2	64	16384	1024	0,1	2,10,3,11,4,12,5,13,6,14,7,15	ok	583746	2918730	110.1	117.9	129.7	142.1	359.9	0.373	3.039	0.0000	0.0000	4.479	2.001	73.6	0	1.992	2.615	S	0.00	
scale16k	W=2	compio-pool	2	2	64	16384	1024	0,1	2,10,3,11,4,12,5,13,6,14,7,15	ok	616433	3082166	105.9	117.9	125.1	135.4	571.3	0.412	2.810	0.0000	0.0000	4.190	2.001	71.7	0	1.986	2.583	S	0.00	
scale16k	W=2	tokio-default	2	2	64	16384	1024	0,1	2,10,3,11,4,12,5,13,6,14,7,15	ok	550587	2752936	115.8	156.5	173.2	185.6	430.6	0.440	3.095	0.0105	0.0002	4.509	2.022	73.6	0	1.946	2.483	S	0.00	
scale16k	W=2	compio-pool	3	2	64	16384	1024	0,1	2,10,3,11,4,12,5,13,6,14,7,15	ok	620494	3102469	83.7	131.3	139.3	159.4	413.8	0.432	2.769	0.0000	0.0000	4.172	2.001	71.4	0	1.986	2.589	S	0.00	
scale16k	W=2	tokio-default	3	2	64	16384	1024	0,1	2,10,3,11,4,12,5,13,6,14,7,15	ok	550510	2752549	115.8	156.4	172.6	185.2	508.0	0.472	3.055	0.0110	0.0002	4.508	2.023	74.3	0	1.942	2.482	S	0.00	
scale16k	W=2	tokio-per-core	3	2	64	16384	1024	0,1	2,10,3,11,4,12,5,13,6,14,7,15	ok	584192	2920960	112.4	123.9	136.5	156.9	792.1	0.394	3.006	0.0000	0.0001	4.465	2.002	73.7	0	1.986	2.608	S	0.00	
scale16k	W=4	tokio-default	1	4	128	16384	1024	0,1,2,3	4,12,5,13,6,14,7,15	ok	998313	4991566	125.2	179.3	217.2	254.6	1099.9	0.415	3.332	0.0127	0.0004	5.765	1.618	39.4	0	3.740	5.755	S	0.00	
scale16k	W=4	tokio-per-core	1	4	128	16384	1024	0,1,2,3	4,12,5,13,6,14,7,15	ok	1088320	5441600	113.4	128.4	140.2	168.5	707.1	0.355	3.260	0.0000	0.0001	5.681	1.563	35.0	0	3.934	6.182	S	0.00	
scale16k	W=4	compio-pool	1	4	128	16384	1024	0,1,2,3	4,12,5,13,6,14,7,15	ok	1064520	5322598	117.7	128.2	138.6	152.0	687.6	0.447	3.267	0.0000	0.0001	5.414	1.625	37.2	0	3.954	5.764	S	0.00	
scale16k	W=4	tokio-per-core	2	4	128	16384	1024	0,1,2,3	4,12,5,13,6,14,7,15	ok	1096646	5483230	116.1	132.1	144.1	174.4	606.5	0.410	3.193	0.0000	0.0001	5.703	1.549	34.4	0	3.952	6.254	S	0.00	
scale16k	W=4	compio-pool	2	4	128	16384	1024	0,1,2,3	4,12,5,13,6,14,7,15	ok	1065085	5325427	121.0	143.7	155.2	166.3	779.3	0.439	3.269	0.0000	0.0001	5.395	1.609	37.3	0	3.950	5.746	S	0.00	
scale16k	W=4	tokio-default	2	4	128	16384	1024	0,1,2,3	4,12,5,13,6,14,7,15	ok	996051	4980255	125.4	179.8	218.3	257.4	467.5	0.424	3.329	0.0127	0.0004	5.794	1.612	39.1	0	3.738	5.771	S	0.00	
scale16k	W=4	compio-pool	3	4	128	16384	1024	0,1,2,3	4,12,5,13,6,14,7,15	ok	1051933	5259666	116.9	140.7	152.2	175.0	485.9	0.449	3.293	0.0000	0.0001	5.422	1.627	37.9	0	3.936	5.703	S	0.00	
scale16k	W=4	tokio-default	3	4	128	16384	1024	0,1,2,3	4,12,5,13,6,14,7,15	ok	992970	4964848	125.8	180.3	218.5	256.8	381.4	0.443	3.323	0.0128	0.0004	5.790	1.620	39.4	0	3.740	5.749	S	0.00	
scale16k	W=4	tokio-per-core	3	4	128	16384	1024	0,1,2,3	4,12,5,13,6,14,7,15	ok	1079115	5395574	119.4	129.7	139.3	151.9	709.0	0.397	3.243	0.0000	0.0001	5.694	1.578	35.4	0	3.928	6.144	S	0.00	
payload	64 B	tokio-default	1	4	128	64	1024	0,1,2,3	4,12,5,13,6,14,7,15	ok	1378139	6890695	90.6	131.1	162.3	196.9	720.8	0.332	2.358	0.0119	0.0003	4.029	1.548	40.3	0	3.708	5.553	S	0.00	
payload	64 B	tokio-per-core	1	4	128	64	1024	0,1,2,3	4,12,5,13,6,14,7,15	ok	1516836	7584180	77.6	114.3	123.4	131.1	759.5	0.315	2.276	0.0000	0.0001	3.957	1.516	35.7	0	3.930	6.002	S	0.00	
payload	64 B	compio-pool	1	4	128	64	1024	0,1,2,3	4,12,5,13,6,14,7,15	ok	1459767	7298836	89.8	107.2	116.3	124.6	786.9	0.377	2.328	0.0000	0.0001	3.823	1.601	37.7	0	3.948	5.581	S	0.00	
payload	64 B	tokio-per-core	2	4	128	64	1024	0,1,2,3	4,12,5,13,6,14,7,15	ok	1525486	7627431	85.9	102.6	111.0	122.5	4275.9	0.281	2.306	0.0000	0.0001	3.970	1.507	35.4	0	3.946	6.056	S	0.00	
payload	64 B	compio-pool	2	4	128	64	1024	0,1,2,3	4,12,5,13,6,14,7,15	ok	1450550	7252750	88.3	108.4	116.8	128.5	3219.6	0.376	2.327	0.0000	0.0001	3.826	1.602	38.2	0	3.922	5.550	S	0.00	
payload	64 B	tokio-default	2	4	128	64	1024	0,1,2,3	4,12,5,13,6,14,7,15	ok	1378057	6890284	90.6	130.9	161.9	192.0	325.3	0.370	2.316	0.0120	0.0003	4.005	1.551	41.0	0	3.702	5.519	S	0.00	
payload	64 B	compio-pool	3	4	128	64	1024	0,1,2,3	4,12,5,13,6,14,7,15	ok	1449130	7245652	86.9	108.8	118.0	136.2	817.7	0.384	2.326	0.0000	0.0001	3.817	1.600	38.2	0	3.926	5.532	S	0.00	
payload	64 B	tokio-default	3	4	128	64	1024	0,1,2,3	4,12,5,13,6,14,7,15	ok	1376584	6882919	90.8	131.0	161.6	191.8	388.2	0.370	2.320	0.0122	0.0003	4.015	1.554	40.7	0	3.704	5.527	S	0.00	
payload	64 B	tokio-per-core	3	4	128	64	1024	0,1,2,3	4,12,5,13,6,14,7,15	ok	1509543	7547714	84.5	101.7	110.4	123.1	640.6	0.301	2.292	0.0000	0.0001	3.963	1.515	36.2	0	3.914	5.983	S	0.00	
payload	512 B	tokio-default	1	4	128	512	1024	0,1,2,3	4,12,5,13,6,14,7,15	ok	1370130	6850650	91.1	131.7	163.9	197.1	926.4	0.372	2.340	0.0116	0.0003	4.064	1.550	40.0	0	3.716	5.568	S	0.00	
payload	512 B	tokio-per-core	1	4	128	512	1024	0,1,2,3	4,12,5,13,6,14,7,15	ok	1513817	7569084	85.6	96.0	104.6	120.8	5301.7	0.304	2.308	0.0000	0.0001	4.021	1.505	35.2	0	3.954	6.087	S	0.00	
payload	512 B	compio-pool	1	4	128	512	1024	0,1,2,3	4,12,5,13,6,14,7,15	ok	1432419	7162094	86.2	108.0	116.8	124.8	278.5	0.390	2.346	0.0000	0.0001	3.862	1.599	38.3	0	3.918	5.532	S	0.00	
payload	512 B	tokio-per-core	2	4	128	512	1024	0,1,2,3	4,12,5,13,6,14,7,15	ok	1500863	7504317	81.6	104.6	113.6	121.9	348.9	0.284	2.325	0.0000	0.0001	4.009	1.507	36.0	0	3.916	6.016	S	0.00	
payload	512 B	compio-pool	2	4	128	512	1024	0,1,2,3	4,12,5,13,6,14,7,15	ok	1437512	7187559	89.4	105.1	114.3	135.2	859.5	0.384	2.354	0.0000	0.0001	3.886	1.593	37.8	0	3.936	5.586	S	0.00	
payload	512 B	tokio-default	2	4	128	512	1024	0,1,2,3	4,12,5,13,6,14,7,15	ok	1373468	6867341	91.1	131.5	162.7	193.6	349.8	0.367	2.339	0.0119	0.0003	4.048	1.552	40.6	0	3.716	5.560	S	0.00	
payload	512 B	compio-pool	3	4	128	512	1024	0,1,2,3	4,12,5,13,6,14,7,15	ok	1433999	7169993	88.4	107.4	116.4	124.3	394.5	0.384	2.350	0.0000	0.0001	3.865	1.609	38.1	0	3.920	5.543	S	0.00	
payload	512 B	tokio-default	3	4	128	512	1024	0,1,2,3	4,12,5,13,6,14,7,15	ok	1363602	6818009	91.6	132.2	163.1	194.0	505.6	0.361	2.354	0.0122	0.0003	4.063	1.552	41.0	0	3.702	5.540	S	0.00	
payload	512 B	tokio-per-core	3	4	128	512	1024	0,1,2,3	4,12,5,13,6,14,7,15	ok	1490682	7453412	83.8	95.7	103.9	113.3	792.8	0.302	2.318	0.0000	0.0001	4.017	1.516	36.2	0	3.906	5.989	S	0.00	
payload	2048 B	tokio-default	1	4	128	2048	1024	0,1,2,3	4,12,5,13,6,14,7,15	ok	1307626	6538131	95.1	137.1	169.8	203.1	674.2	0.366	2.461	0.0119	0.0003	4.295	1.546	40.2	0	3.696	5.616	S	0.00	
payload	2048 B	tokio-per-core	1	4	128	2048	1024	0,1,2,3	4,12,5,13,6,14,7,15	ok	1454799	7273995	86.5	114.3	123.6	132.2	419.6	0.302	2.404	0.0000	0.0001	4.238	1.489	35.1	0	3.938	6.165	S	0.00	
payload	2048 B	compio-pool	1	4	128	2048	1024	0,1,2,3	4,12,5,13,6,14,7,15	ok	1372416	6862082	87.0	118.8	128.0	135.9	540.1	0.382	2.480	0.0000	0.0001	4.100	1.597	37.6	0	3.928	5.627	S	0.00	
payload	2048 B	tokio-per-core	2	4	128	2048	1024	0,1,2,3	4,12,5,13,6,14,7,15	ok	1439878	7199390	87.3	95.5	103.2	111.3	367.3	0.336	2.403	0.0000	0.0001	4.271	1.501	34.8	0	3.944	6.150	S	0.00	
payload	2048 B	compio-pool	2	4	128	2048	1024	0,1,2,3	4,12,5,13,6,14,7,15	ok	1380326	6901628	91.9	105.3	114.0	138.5	1035.2	0.385	2.475	0.0000	0.0001	4.121	1.599	37.3	0	3.948	5.688	S	0.00	
payload	2048 B	tokio-default	2	4	128	2048	1024	0,1,2,3	4,12,5,13,6,14,7,15	ok	1315266	6576330	95.0	136.9	168.9	200.0	771.6	0.353	2.468	0.0119	0.0003	4.282	1.544	40.2	0	3.710	5.632	S	0.00	
payload	2048 B	compio-pool	3	4	128	2048	1024	0,1,2,3	4,12,5,13,6,14,7,15	ok	1391512	6957562	90.8	99.2	107.1	116.5	486.8	0.394	2.448	0.0000	0.0001	4.112	1.596	37.0	0	3.954	5.722	S	0.00	
payload	2048 B	tokio-default	3	4	128	2048	1024	0,1,2,3	4,12,5,13,6,14,7,15	ok	1312689	6563444	94.8	136.7	168.8	199.8	766.9	0.358	2.462	0.0118	0.0003	4.286	1.541	40.0	0	3.702	5.626	S	0.00	
payload	2048 B	tokio-per-core	3	4	128	2048	1024	0,1,2,3	4,12,5,13,6,14,7,15	ok	1452457	7262287	83.7	113.4	123.0	137.8	716.1	0.306	2.406	0.0000	0.0001	4.250	1.487	34.9	0	3.938	6.172	S	0.00	
payload	8192 B	tokio-default	1	4	128	8192	1024	0,1,2,3	4,12,5,13,6,14,7,15	ok	1202212	6011061	103.5	149.2	184.2	219.5	448.6	0.389	2.702	0.0120	0.0003	4.802	1.539	39.3	0	3.716	5.773	S	0.00	
payload	8192 B	tokio-per-core	1	4	128	8192	1024	0,1,2,3	4,12,5,13,6,14,7,15	ok	1330460	6652302	85.5	128.8	139.9	171.1	1355.1	0.329	2.635	0.0000	0.0001	4.768	1.464	33.8	0	3.944	6.344	S	0.00	
payload	8192 B	compio-pool	1	4	128	8192	1024	0,1,2,3	4,12,5,13,6,14,7,15	ok	1268432	6342162	100.0	114.2	123.7	134.0	798.5	0.391	2.709	0.0000	0.0001	4.591	1.568	36.6	0	3.932	5.823	S	0.00	
payload	8192 B	tokio-per-core	2	4	128	8192	1024	0,1,2,3	4,12,5,13,6,14,7,15	ok	1313967	6569834	91.4	128.9	138.6	146.7	866.4	0.330	2.647	0.0000	0.0001	4.763	1.476	34.8	0	3.912	6.258	S	0.00	
payload	8192 B	compio-pool	2	4	128	8192	1024	0,1,2,3	4,12,5,13,6,14,7,15	ok	1277934	6389671	102.0	118.9	129.0	141.2	349.9	0.374	2.725	0.0000	0.0001	4.587	1.568	36.3	0	3.960	5.862	S	0.00	
payload	8192 B	tokio-default	2	4	128	8192	1024	0,1,2,3	4,12,5,13,6,14,7,15	ok	1208956	6044781	103.6	148.8	182.6	217.0	464.9	0.362	2.725	0.0121	0.0003	4.811	1.531	38.6	0	3.732	5.816	S	0.00	
payload	8192 B	compio-pool	3	4	128	8192	1024	0,1,2,3	4,12,5,13,6,14,7,15	ok	1274375	6371873	101.3	115.6	125.1	135.5	509.9	0.364	2.728	0.0000	0.0001	4.587	1.582	36.3	0	3.940	5.846	S	0.00	
payload	8192 B	tokio-default	3	4	128	8192	1024	0,1,2,3	4,12,5,13,6,14,7,15	ok	1197323	5986613	103.9	149.5	183.4	219.5	422.9	0.383	2.716	0.0121	0.0003	4.821	1.537	39.3	0	3.710	5.772	S	0.00	
payload	8192 B	tokio-per-core	3	4	128	8192	1024	0,1,2,3	4,12,5,13,6,14,7,15	ok	1323407	6617035	95.3	112.8	139.6	166.1	2612.5	0.332	2.655	0.0000	0.0001	4.768	1.448	32.3	0	3.954	6.310	S	0.00	
payload	16384 B	tokio-default	1	4	128	16384	1024	0,1,2,3	4,12,5,13,6,14,7,15	ok	988504	4942522	126.8	181.5	219.9	258.5	561.3	0.490	3.302	0.0124	0.0004	5.779	1.640	39.2	0	3.748	5.712	S	0.00	
payload	16384 B	tokio-per-core	1	4	128	16384	1024	0,1,2,3	4,12,5,13,6,14,7,15	ok	1083323	5416615	119.8	136.6	147.5	178.7	3168.8	0.397	3.234	0.0000	0.0001	5.715	1.559	34.9	0	3.934	6.191	S	0.00	
payload	16384 B	compio-pool	1	4	128	16384	1024	0,1,2,3	4,12,5,13,6,14,7,15	ok	1063295	5316476	110.4	158.8	169.8	179.6	419.9	0.457	3.250	0.0000	0.0001	5.412	1.607	37.3	0	3.942	5.755	S	0.00	
payload	16384 B	tokio-per-core	2	4	128	16384	1024	0,1,2,3	4,12,5,13,6,14,7,15	ok	1088332	5441659	117.6	126.6	135.5	145.6	505.9	0.401	3.218	0.0000	0.0001	5.697	1.561	35.0	0	3.938	6.200	S	0.00	
payload	16384 B	compio-pool	2	4	128	16384	1024	0,1,2,3	4,12,5,13,6,14,7,15	ok	1056321	5281605	120.2	137.1	147.5	158.2	651.3	0.437	3.285	0.0000	0.0001	5.403	1.615	37.7	0	3.932	5.707	S	0.00	
payload	16384 B	tokio-default	2	4	128	16384	1024	0,1,2,3	4,12,5,13,6,14,7,15	ok	997582	4987910	125.3	179.9	218.8	259.0	585.3	0.455	3.304	0.0124	0.0003	5.795	1.615	39.0	0	3.750	5.781	S	0.00	
payload	16384 B	compio-pool	3	4	128	16384	1024	0,1,2,3	4,12,5,13,6,14,7,15	ok	1063402	5317011	118.3	126.5	135.3	147.5	411.0	0.434	3.263	0.0000	0.0001	5.418	1.653	36.8	0	3.932	5.762	S	0.00	
payload	16384 B	tokio-default	3	4	128	16384	1024	0,1,2,3	4,12,5,13,6,14,7,15	ok	997372	4986858	125.5	179.9	218.1	256.6	649.7	0.469	3.285	0.0127	0.0004	5.759	1.622	39.2	0	3.744	5.744	S	0.00	
payload	16384 B	tokio-per-core	3	4	128	16384	1024	0,1,2,3	4,12,5,13,6,14,7,15	ok	1091613	5458065	112.6	149.5	160.7	177.5	510.8	0.374	3.243	0.0000	0.0001	5.706	1.555	34.8	0	3.948	6.229	S	0.00	
conns	4 conns	tokio-default	1	4	4	512	1024	0,1,2,3	4,12,5,13,6,14,7,15	ok	516946	2584728	7.0	10.9	14.0	15.9	60.9	1.002	2.553	0.6352	0.0002	3.056	3.272	79.4	0	1.838	1.580		0.00	
conns	4 conns	tokio-per-core	1	4	4	512	1024	0,1,2,3	4,12,5,13,6,14,7,15	ok	735490	3677448	4.8	6.6	9.9	11.9	754.2	0.644	2.097	0.6240	0.0002	2.946	3.250	74.1	0	2.016	2.167		0.00	
conns	4 conns	compio-pool	1	4	4	512	1024	0,1,2,3	4,12,5,13,6,14,7,15	ok	752226	3761130	5.1	5.8	9.1	11.5	122.0	0.729	2.257	0.5182	0.0002	2.812	3.038	63.3	0	2.246	2.116		0.00	
conns	4 conns	tokio-per-core	2	4	4	512	1024	0,1,2,3	4,12,5,13,6,14,7,15	ok	766124	3830621	4.6	6.1	9.7	11.5	226.0	0.593	2.104	0.5899	0.0002	2.807	3.181	74.1	0	2.066	2.150		0.00	
conns	4 conns	compio-pool	2	4	4	512	1024	0,1,2,3	4,12,5,13,6,14,7,15	ok	751304	3756522	5.1	5.8	9.2	11.3	171.0	0.711	2.297	0.5202	0.0002	2.787	3.042	63.2	0	2.260	2.094		0.00	
conns	4 conns	tokio-default	2	4	4	512	1024	0,1,2,3	4,12,5,13,6,14,7,15	ok	506685	2533426	7.2	11.0	14.1	16.8	78.0	1.007	2.574	0.6598	0.0002	3.104	3.322	79.1	0	1.814	1.573		0.00	
conns	4 conns	compio-pool	3	4	4	512	1024	0,1,2,3	4,12,5,13,6,14,7,15	ok	744026	3720130	5.1	5.9	9.6	11.5	198.0	0.737	2.282	0.5342	0.0002	2.890	3.070	63.0	0	2.246	2.150		0.00	
conns	4 conns	tokio-default	3	4	4	512	1024	0,1,2,3	4,12,5,13,6,14,7,15	ok	517446	2587232	7.0	10.8	14.0	15.8	67.7	1.075	2.512	0.6397	0.0002	3.056	3.281	79.0	0	1.856	1.581		0.00	
conns	4 conns	tokio-per-core	3	4	4	512	1024	0,1,2,3	4,12,5,13,6,14,7,15	ok	775056	3875279	4.6	6.1	9.7	11.1	118.2	0.653	2.031	0.5842	0.0002	2.770	3.170	74.2	0	2.080	2.147		0.00	
conns	16 conns	tokio-default	1	4	16	512	1024	0,1,2,3	4,12,5,13,6,14,7,15	ok	1211223	6056115	13.0	17.6	22.7	29.7	339.8	0.606	2.262	0.1521	0.0003	3.873	2.170	47.3	0	3.474	4.691	S	0.00	
conns	16 conns	tokio-per-core	1	4	16	512	1024	0,1,2,3	4,12,5,13,6,14,7,15	ok	1349839	6749196	11.8	16.4	21.1	25.9	670.2	0.440	2.234	0.1155	0.0002	3.998	2.012	41.8	0	3.610	5.396	S	0.00	
conns	16 conns	compio-pool	1	4	16	512	1024	0,1,2,3	4,12,5,13,6,14,7,15	ok	1344670	6723348	11.0	17.1	22.4	28.9	1519.5	0.503	2.383	0.0370	0.0002	4.009	1.833	39.2	0	3.880	5.390	S	0.00	
conns	16 conns	tokio-per-core	2	4	16	512	1024	0,1,2,3	4,12,5,13,6,14,7,15	ok	1415913	7079566	10.8	15.3	20.5	25.6	394.2	0.444	2.280	0.0417	0.0003	4.024	1.761	38.2	0	3.856	5.698	S	0.00	
conns	16 conns	compio-pool	2	4	16	512	1024	0,1,2,3	4,12,5,13,6,14,7,15	ok	1167157	5835786	14.7	18.1	22.0	25.7	225.8	0.458	2.085	0.0110	0.0001	3.780	1.973	46.0	0	2.968	4.412		0.00	
conns	16 conns	tokio-default	2	4	16	512	1024	0,1,2,3	4,12,5,13,6,14,7,15	ok	1211794	6058972	13.0	17.6	22.6	28.8	938.4	0.604	2.268	0.1516	0.0003	3.849	2.176	47.7	0	3.480	4.664	S	0.00	
conns	16 conns	compio-pool	3	4	16	512	1024	0,1,2,3	4,12,5,13,6,14,7,15	ok	1370518	6852590	11.2	15.5	20.5	25.9	934.4	0.493	2.376	0.0203	0.0002	3.986	1.788	38.6	0	3.932	5.463	S	0.00	
conns	16 conns	tokio-default	3	4	16	512	1024	0,1,2,3	4,12,5,13,6,14,7,15	ok	1212508	6062539	13.0	17.6	22.6	28.4	254.9	0.610	2.255	0.1523	0.0003	3.844	2.176	47.6	0	3.474	4.661	S	0.00	
conns	16 conns	tokio-per-core	3	4	16	512	1024	0,1,2,3	4,12,5,13,6,14,7,15	ok	1345176	6725881	11.9	16.4	21.1	25.6	676.4	0.443	2.239	0.1153	0.0002	4.008	2.014	41.8	0	3.608	5.391	S	0.00	
conns	64 conns	tokio-default	1	4	64	512	1024	0,1,2,3	4,12,5,13,6,14,7,15	ok	1321077	6605384	47.5	68.4	83.8	101.2	921.2	0.388	2.348	0.0366	0.0003	4.026	1.670	42.6	0	3.614	5.318	S	0.00	
conns	64 conns	tokio-per-core	1	4	64	512	1024	0,1,2,3	4,12,5,13,6,14,7,15	ok	1505972	7529861	40.5	60.9	68.7	75.5	614.3	0.313	2.323	0.0000	0.0001	3.994	1.541	35.4	0	3.970	6.014	S	0.00	
conns	64 conns	compio-pool	1	4	64	512	1024	0,1,2,3	4,12,5,13,6,14,7,15	ok	1440958	7204789	43.3	58.7	66.7	86.0	1545.0	0.390	2.360	0.0000	0.0001	3.871	1.654	37.6	0	3.962	5.579	S	0.00	
conns	64 conns	tokio-per-core	2	4	64	512	1024	0,1,2,3	4,12,5,13,6,14,7,15	ok	1512307	7561535	42.6	50.5	57.2	63.5	1247.3	0.315	2.318	0.0000	0.0001	3.985	1.543	35.3	0	3.982	6.026	S	0.00	
conns	64 conns	compio-pool	2	4	64	512	1024	0,1,2,3	4,12,5,13,6,14,7,15	ok	1449974	7249869	44.0	50.2	56.4	62.3	537.8	0.388	2.349	0.0000	0.0001	3.849	1.659	37.6	0	3.968	5.581	S	0.00	
conns	64 conns	tokio-default	2	4	64	512	1024	0,1,2,3	4,12,5,13,6,14,7,15	ok	1318362	6591812	47.5	68.3	83.3	98.0	296.8	0.394	2.335	0.0364	0.0003	4.007	1.672	43.0	0	3.598	5.282	S	0.00	
conns	64 conns	compio-pool	3	4	64	512	1024	0,1,2,3	4,12,5,13,6,14,7,15	ok	1445563	7227815	42.5	58.1	65.9	86.0	377.1	0.393	2.355	0.0000	0.0001	3.867	1.647	37.5	0	3.972	5.591	S	0.00	
conns	64 conns	tokio-default	3	4	64	512	1024	0,1,2,3	4,12,5,13,6,14,7,15	ok	1313196	6565982	47.5	68.3	83.1	95.3	730.5	0.407	2.324	0.0365	0.0003	4.009	1.673	43.7	0	3.586	5.264	S	0.00	
conns	64 conns	tokio-per-core	3	4	64	512	1024	0,1,2,3	4,12,5,13,6,14,7,15	ok	1502148	7510739	42.6	50.5	57.2	63.6	603.6	0.305	2.326	0.0000	0.0001	3.994	1.535	35.4	0	3.952	6.000	S	0.00	
conns	256 conns	tokio-default	1	4	256	512	1024	0,1,2,3	4,12,5,13,6,14,7,15	ok	1398010	6990051	177.3	253.6	308.9	337.8	754.8	0.348	2.322	0.0043	0.0003	4.111	1.484	39.2	0	3.732	5.747	S	0.00	
conns	256 conns	tokio-per-core	1	4	256	512	1024	0,1,2,3	4,12,5,13,6,14,7,15	ok	1518682	7593409	174.2	191.3	202.9	227.2	8066.4	0.300	2.274	0.0000	0.0001	4.087	1.441	34.9	0	3.910	6.206	S	0.00	
conns	256 conns	compio-pool	1	4	256	512	1024	0,1,2,3	4,12,5,13,6,14,7,15	ok	1436346	7181731	170.9	205.6	220.0	233.6	437.2	0.373	2.331	0.0000	0.0001	3.930	1.572	37.6	0	3.884	5.645	S	0.00	
conns	256 conns	tokio-per-core	2	4	256	512	1024	0,1,2,3	4,12,5,13,6,14,7,15	ok	1514200	7570998	170.4	210.3	223.1	236.9	444.6	0.284	2.296	0.0000	0.0001	4.094	1.445	35.2	0	3.906	6.199	S	0.00	
conns	256 conns	compio-pool	2	4	256	512	1024	0,1,2,3	4,12,5,13,6,14,7,15	ok	1453385	7266927	171.1	188.7	208.5	223.9	4560.8	0.406	2.302	0.0000	0.0001	3.931	1.578	37.0	0	3.936	5.713	S	0.00	
conns	256 conns	tokio-default	2	4	256	512	1024	0,1,2,3	4,12,5,13,6,14,7,15	ok	1409189	7045945	177.8	254.2	309.4	338.6	15756.8	0.335	2.340	0.0042	0.0003	4.112	1.489	38.7	0	3.770	5.795	S	0.00	
conns	256 conns	compio-pool	3	4	256	512	1024	0,1,2,3	4,12,5,13,6,14,7,15	ok	1440657	7203283	163.3	216.6	231.1	253.4	977.1	0.400	2.318	0.0000	0.0001	3.957	1.567	37.2	0	3.916	5.701	S	0.00	
conns	256 conns	tokio-default	3	4	256	512	1024	0,1,2,3	4,12,5,13,6,14,7,15	ok	1416529	7082647	177.1	253.3	309.0	338.2	4241.9	0.316	2.354	0.0040	0.0003	4.113	1.483	38.4	0	3.782	5.827	S	0.00	
conns	256 conns	tokio-per-core	3	4	256	512	1024	0,1,2,3	4,12,5,13,6,14,7,15	ok	1494440	7472200	165.6	189.4	202.0	228.0	741.1	0.309	2.287	0.0000	0.0001	4.092	1.459	35.8	0	3.880	6.115	S	0.00	
conns	1024 conns	tokio-default	1	4	1024	512	1024	0,1,2,3	4,12,5,13,6,14,7,15	ok	1153076	5765381	516.1	1208.4	1872.9	2712.1	31534.1	0.343	2.317	0.0002	0.0001	4.257	1.445	49.9	0	3.068	4.908		0.00	
conns	1024 conns	tokio-per-core	1	4	1024	512	1024	0,1,2,3	4,12,5,13,6,14,7,15	ok	1474102	7370511	650.2	777.3	800.6	828.1	993.4	0.315	2.319	0.0001	0.0001	4.274	1.417	35.1	0	3.882	6.300	S	0.00	
conns	1024 conns	compio-pool	1	4	1024	512	1024	0,1,2,3	4,12,5,13,6,14,7,15	ok	1394742	6973711	691.1	779.2	810.0	888.0	18956.1	0.400	2.357	0.0000	0.0001	4.104	1.536	37.8	0	3.846	5.724	S	0.00	
conns	1024 conns	tokio-per-core	2	4	1024	512	1024	0,1,2,3	4,12,5,13,6,14,7,15	ok	1452513	7262563	667.8	705.8	744.0	934.6	24452.6	0.300	2.331	0.0001	0.0001	4.264	1.419	36.0	0	3.822	6.193	S	0.00	
conns	1024 conns	compio-pool	2	4	1024	512	1024	0,1,2,3	4,12,5,13,6,14,7,15	ok	1406786	7033930	704.0	773.5	803.7	862.5	2688.0	0.411	2.340	0.0001	0.0001	4.088	1.553	37.6	0	3.870	5.751	S	0.00	
conns	1024 conns	tokio-default	2	4	1024	512	1024	0,1,2,3	4,12,5,13,6,14,7,15	ok	1433258	7166290	508.3	1271.1	2148.6	2938.2	3867.5	0.346	2.348	0.0006	0.0001	4.304	1.453	36.1	0	3.862	6.169	S	0.00	
conns	1024 conns	compio-pool	3	4	1024	512	1024	0,1,2,3	4,12,5,13,6,14,7,15	ok	1412768	7063839	718.1	758.4	782.5	868.4	15552.8	0.419	2.339	0.0000	0.0001	4.103	1.536	37.4	0	3.896	5.797	S	0.00	
conns	1024 conns	tokio-default	3	4	1024	512	1024	0,1,2,3	4,12,5,13,6,14,7,15	ok	1441912	7209558	519.4	1212.1	1883.7	2741.6	4254.5	0.344	2.329	0.0003	0.0001	4.291	1.439	36.2	0	3.854	6.187	S	0.00	
conns	1024 conns	tokio-per-core	3	4	1024	512	1024	0,1,2,3	4,12,5,13,6,14,7,15	ok	1477536	7387680	686.9	721.7	743.0	798.2	4471.2	0.332	2.297	0.0001	0.0001	4.249	1.424	35.3	0	3.884	6.278	S	0.00	
shared	512 B, W=1	tokio-default	1	1	64	512	1024	-	-	ok	438904	2194519	145.7	153.8	164.3	174.5	537.3	0.346	1.909	0.0000	0.0000	3.025	2.002	85.8	0	0.990	1.328		0.00	
shared	512 B, W=1	tokio-per-core	1	1	64	512	1024	-	-	ok	449281	2246407	140.8	147.7	156.7	168.6	246.6	0.307	1.905	0.0000	0.0001	2.997	2.003	85.7	0	0.994	1.346		0.00	
shared	512 B, W=1	compio-pool	1	1	64	512	1024	-	-	ok	401575	2007874	156.4	171.3	183.6	195.2	390.4	0.423	2.052	0.0000	0.0000	2.896	2.002	86.9	0	0.994	1.163		0.00	
shared	512 B, W=1	tokio-per-core	2	1	64	512	1024	-	-	ok	460397	2301986	137.5	143.2	151.1	170.0	1207.1	0.343	1.816	0.0000	0.0000	2.965	2.003	85.5	0	0.994	1.365		0.00	
shared	512 B, W=1	compio-pool	2	1	64	512	1024	-	-	ok	377820	1889098	167.4	180.2	194.0	203.3	488.7	0.402	2.223	0.0000	0.0001	2.911	2.002	87.0	0	0.992	1.100		0.00	
shared	512 B, W=1	tokio-default	2	1	64	512	1024	-	-	ok	451715	2258575	141.8	149.3	157.9	166.7	432.2	0.367	1.833	0.0000	0.0000	3.019	2.002	85.5	0	0.994	1.364		0.00	
shared	512 B, W=1	compio-pool	3	1	64	512	1024	-	-	ok	399403	1997015	156.9	170.5	182.4	191.6	1908.4	0.386	2.088	0.0000	0.0001	2.832	2.003	86.8	0	0.988	1.131		0.00	
shared	512 B, W=1	tokio-default	3	1	64	512	1024	-	-	ok	441818	2209090	143.0	155.0	193.1	202.6	574.6	0.349	1.901	0.0000	0.0001	3.043	2.003	85.4	0	0.994	1.344		0.00	
shared	512 B, W=1	tokio-per-core	3	1	64	512	1024	-	-	ok	445787	2228937	141.7	148.7	157.8	166.4	413.3	0.341	1.889	0.0000	0.0000	3.001	2.002	85.9	0	0.994	1.338		0.00	
shared	512 B, W=2	tokio-default	1	2	64	512	1024	-	-	ok	809321	4046606	78.6	105.8	118.3	128.2	357.3	0.378	1.987	0.0109	0.0002	3.140	2.016	72.4	0	1.914	2.541		0.00	
shared	512 B, W=2	tokio-per-core	1	2	64	512	1024	-	-	ok	872543	4362716	72.4	76.3	82.8	90.1	634.5	0.319	1.957	0.0000	0.0000	3.077	1.998	71.3	0	1.986	2.685		0.00	
shared	512 B, W=2	compio-pool	1	2	64	512	1024	-	-	ok	784330	3921651	79.7	87.9	92.7	100.0	972.3	0.403	2.134	0.0000	0.0001	3.030	2.000	73.0	0	1.990	2.376		0.00	
shared	512 B, W=2	tokio-per-core	2	2	64	512	1024	-	-	ok	876863	4384316	71.7	75.8	81.8	88.6	350.4	0.333	1.920	0.0000	0.0000	3.076	1.998	70.7	0	1.976	2.697		0.00	
shared	512 B, W=2	compio-pool	2	2	64	512	1024	-	-	ok	770412	3852060	100.8	106.2	113.1	120.2	516.3	0.444	2.126	0.0000	0.0001	3.047	2.000	73.2	0	1.980	2.348		0.00	
shared	512 B, W=2	tokio-default	2	2	64	512	1024	-	-	ok	832213	4161065	76.2	102.6	118.2	135.2	526.3	0.353	1.937	0.0111	0.0002	3.208	2.018	72.0	0	1.906	2.669		0.00	
shared	512 B, W=2	compio-pool	3	2	64	512	1024	-	-	ok	788999	3944994	76.6	94.4	100.0	107.4	1429.9	0.411	2.109	0.0000	0.0001	3.030	1.999	73.0	0	1.988	2.391		0.00	
shared	512 B, W=2	tokio-default	3	2	64	512	1024	-	-	ok	821153	4105767	77.8	104.8	119.3	138.3	566.4	0.341	1.997	0.0105	0.0002	3.183	2.016	71.9	0	1.920	2.614		0.00	
shared	512 B, W=2	tokio-per-core	3	2	64	512	1024	-	-	ok	870480	4352400	72.7	81.6	87.9	93.9	533.7	0.312	1.962	0.0000	0.0000	3.142	1.996	70.8	0	1.980	2.735		0.00	
shared	512 B, W=4	tokio-default	1	4	128	512	1024	-	-	ok	1297371	6486856	94.8	138.9	177.1	214.5	1190.0	0.425	2.419	0.0107	0.0003	3.769	1.994	44.7	0	3.690	4.889		0.00	
shared	512 B, W=4	tokio-per-core	1	4	128	512	1024	-	-	ok	1433833	7169163	87.2	103.7	110.7	123.9	2746.6	0.392	2.353	0.0000	0.0007	3.747	1.973	39.4	0	3.936	5.373		0.00	
shared	512 B, W=4	compio-pool	1	4	128	512	1024	-	-	ok	1340504	6702519	92.6	110.5	119.9	209.9	2948.7	0.476	2.469	0.0000	0.0013	3.669	1.965	41.8	0	3.948	4.918		0.00	
shared	512 B, W=4	tokio-per-core	2	4	128	512	1024	-	-	ok	1441599	7207997	87.3	93.9	100.7	147.1	4096.3	0.379	2.343	0.0000	0.0008	3.739	1.973	39.2	0	3.924	5.390		0.00	
shared	512 B, W=4	compio-pool	2	4	128	512	1024	-	-	ok	1342008	6710041	88.5	125.2	134.2	207.7	6836.6	0.446	2.495	0.0000	0.0013	3.676	1.965	41.6	0	3.946	4.933		0.00	
shared	512 B, W=4	tokio-default	2	4	128	512	1024	-	-	ok	1331025	6655126	92.8	136.3	177.1	217.0	1914.6	0.440	2.365	0.0096	0.0003	3.802	1.993	42.9	0	3.734	5.061		0.00	
shared	512 B, W=4	compio-pool	3	4	128	512	1024	-	-	ok	1344108	6720538	89.3	117.7	127.0	207.2	2324.1	0.439	2.491	0.0000	0.0012	3.651	1.967	41.9	0	3.938	4.907		0.00	
shared	512 B, W=4	tokio-default	3	4	128	512	1024	-	-	ok	1313812	6569061	93.4	137.3	178.6	217.1	1375.3	0.411	2.414	0.0096	0.0003	3.801	1.991	43.7	0	3.712	4.993		0.00	
shared	512 B, W=4	tokio-per-core	3	4	128	512	1024	-	-	ok	1447882	7239410	86.0	97.7	105.3	156.1	3596.2	0.388	2.341	0.0000	0.0008	3.754	1.973	38.6	0	3.952	5.436		0.00	
shared	512 B, W=8	tokio-default	1	8	256	512	1024	-	-	ok	1723693	8618467	129.3	210.1	582.7	1566.3	5220.5	0.472	3.097	0.0054	0.0695	4.147	1.513	14.5	0	6.152	7.148		0.00	
shared	512 B, W=8	tokio-per-core	1	8	256	512	1024	-	-	ok	1954419	9772096	112.5	177.0	245.7	3663.7	6887.4	0.404	2.727	0.0000	0.1275	3.634	1.481	15.6	0	6.120	7.102		0.00	
shared	512 B, W=8	compio-pool	1	8	256	512	1024	-	-	ok	1895704	9478522	106.7	186.0	310.1	3624.9	6745.8	0.472	2.988	0.0000	0.1036	3.681	1.372	12.7	0	6.558	6.978		0.00	
shared	512 B, W=8	tokio-per-core	2	8	256	512	1024	-	-	ok	1960865	9804324	108.1	188.1	261.4	3563.6	6774.4	0.414	2.710	0.0000	0.1317	3.640	1.491	15.5	0	6.126	7.137		0.00	
shared	512 B, W=8	compio-pool	2	8	256	512	1024	-	-	ok	1885515	9427575	88.0	197.7	944.1	3691.5	6640.5	0.501	2.884	0.0001	0.1139	3.618	1.463	14.2	0	6.382	6.822		0.00	
shared	512 B, W=8	tokio-default	2	8	256	512	1024	-	-	ok	1725374	8626869	129.2	209.9	599.0	1575.8	5339.7	0.468	3.105	0.0054	0.0691	4.142	1.517	14.4	0	6.166	7.147		0.00	
shared	512 B, W=8	compio-pool	3	8	256	512	1024	-	-	ok	1898842	9494208	113.4	181.7	421.8	3101.5	6468.8	0.481	2.924	0.0001	0.1119	3.686	1.376	13.4	0	6.466	6.999		0.00	
shared	512 B, W=8	tokio-default	3	8	256	512	1024	-	-	ok	1721668	8608339	128.8	209.1	599.5	1646.2	5745.1	0.473	3.082	0.0053	0.0672	4.126	1.525	14.8	0	6.120	7.104		0.00	
shared	512 B, W=8	tokio-per-core	3	8	256	512	1024	-	-	ok	1977919	9889593	116.3	172.1	242.4	3403.2	10304.4	0.407	2.710	0.0000	0.1295	3.644	1.485	14.6	0	6.166	7.208		0.00	
shared	16384 B, W=1	tokio-default	1	1	64	16384	1024	-	-	ok	272048	1360241	236.1	247.9	260.9	276.3	725.0	0.463	3.183	0.0001	0.0001	4.350	2.004	86.5	0	0.992	1.183		0.00	
shared	16384 B, W=1	tokio-per-core	1	1	64	16384	1024	-	-	ok	268802	1344009	235.8	246.5	258.7	270.7	429.2	0.461	3.237	0.0000	0.0001	4.324	2.003	86.8	0	0.994	1.162		0.00	
shared	16384 B, W=1	compio-pool	1	1	64	16384	1024	-	-	ok	268961	1344806	232.7	250.0	285.8	302.2	396.6	0.454	3.227	0.0000	0.0001	3.949	2.004	87.1	0	0.990	1.062		0.00	
shared	16384 B, W=1	tokio-per-core	2	1	64	16384	1024	-	-	ok	270366	1351830	234.2	244.4	257.2	273.7	522.9	0.466	3.203	0.0000	0.0001	4.364	2.004	85.8	0	0.992	1.180		0.00	
shared	16384 B, W=1	compio-pool	2	1	64	16384	1024	-	-	ok	277608	1388041	226.4	244.9	273.3	287.7	468.7	0.418	3.163	0.0000	0.0001	3.904	2.004	87.1	0	0.994	1.084		0.00	
shared	16384 B, W=1	tokio-default	2	1	64	16384	1024	-	-	ok	274429	1372144	233.5	247.3	261.4	277.0	365.9	0.459	3.148	0.0001	0.0001	4.392	2.004	86.3	0	0.990	1.205		0.00	
shared	16384 B, W=1	compio-pool	3	1	64	16384	1024	-	-	ok	271694	1358469	230.2	247.5	282.7	297.0	468.0	0.412	3.232	0.0000	0.0001	3.921	2.003	86.9	0	0.990	1.065		0.00	
shared	16384 B, W=1	tokio-default	3	1	64	16384	1024	-	-	ok	282137	1410685	227.1	236.0	247.6	265.3	438.7	0.397	3.112	0.0001	0.0001	4.421	2.003	86.0	0	0.990	1.247		0.00	
shared	16384 B, W=1	tokio-per-core	3	1	64	16384	1024	-	-	ok	272407	1362034	231.5	241.9	255.1	267.0	367.9	0.396	3.238	0.0000	0.0001	4.353	2.004	86.8	0	0.990	1.186		0.00	
shared	16384 B, W=2	tokio-default	1	2	64	16384	1024	-	-	ok	557101	2785506	115.8	154.3	173.7	187.0	514.2	0.467	3.016	0.0094	0.0002	4.476	2.017	72.4	0	1.940	2.494		0.00	
shared	16384 B, W=2	tokio-per-core	1	2	64	16384	1024	-	-	ok	567292	2836462	113.9	129.4	138.7	150.1	542.1	0.465	3.043	0.0000	0.0000	4.340	1.998	72.4	0	1.990	2.462		0.00	
shared	16384 B, W=2	compio-pool	1	2	64	16384	1024	-	-	ok	527949	2639744	125.5	136.5	145.1	155.9	812.3	0.508	3.250	0.0000	0.0001	4.163	2.001	74.1	0	1.984	2.198		0.00	
shared	16384 B, W=2	tokio-per-core	2	2	64	16384	1024	-	-	ok	569282	2846409	113.3	128.8	138.8	152.1	3704.1	0.481	3.004	0.0000	0.0001	4.370	1.999	72.4	0	1.984	2.488		0.00	
shared	16384 B, W=2	compio-pool	2	2	64	16384	1024	-	-	ok	540817	2704087	121.0	134.5	143.9	154.0	1001.6	0.507	3.154	0.0000	0.0001	4.128	2.001	73.8	0	1.980	2.232		0.00	
shared	16384 B, W=2	tokio-default	2	2	64	16384	1024	-	-	ok	556969	2784846	116.1	155.0	175.1	194.4	805.7	0.456	3.041	0.0095	0.0002	4.570	2.019	71.9	0	1.948	2.546		0.00	
shared	16384 B, W=2	compio-pool	3	2	64	16384	1024	-	-	ok	536872	2684361	117.5	125.2	134.5	148.9	462.5	0.417	3.278	0.0000	0.0001	4.156	2.001	73.4	0	1.984	2.231		0.00	
shared	16384 B, W=2	tokio-default	3	2	64	16384	1024	-	-	ok	559528	2797638	115.1	153.7	172.9	186.7	501.4	0.425	3.045	0.0099	0.0002	4.471	2.019	72.4	0	1.942	2.502		0.00	
shared	16384 B, W=2	tokio-per-core	3	2	64	16384	1024	-	-	ok	560518	2802590	113.5	138.7	148.4	158.4	494.1	0.457	3.069	0.0000	0.0001	4.360	1.999	72.6	0	1.976	2.444		0.00	
shared	16384 B, W=4	tokio-default	1	4	128	16384	1024	-	-	ok	941982	4709910	131.8	192.3	250.9	305.2	1721.1	0.524	3.524	0.0089	0.0003	5.370	2.001	43.4	0	3.814	5.059		0.00	
shared	16384 B, W=4	tokio-per-core	1	4	128	16384	1024	-	-	ok	980893	4904464	135.1	149.7	160.3	171.9	4796.2	0.489	3.538	0.0000	0.0003	5.352	1.986	41.2	0	3.950	5.250		0.00	
shared	16384 B, W=4	compio-pool	1	4	128	16384	1024	-	-	ok	962757	4813785	114.9	177.3	188.3	233.1	2418.7	0.553	3.527	0.0000	0.0010	4.952	1.980	43.4	0	3.928	4.768		0.00	
shared	16384 B, W=4	tokio-per-core	2	4	128	16384	1024	-	-	ok	981624	4908120	121.1	168.2	179.8	194.1	5079.1	0.503	3.521	0.0000	0.0003	5.368	1.985	40.9	0	3.950	5.270		0.00	
shared	16384 B, W=4	compio-pool	2	4	128	16384	1024	-	-	ok	965614	4828070	132.7	150.9	160.3	214.0	3090.2	0.551	3.538	0.0000	0.0011	4.963	1.979	43.2	0	3.948	4.792		0.00	
shared	16384 B, W=4	tokio-default	2	4	128	16384	1024	-	-	ok	928946	4644731	134.1	196.4	254.4	307.6	2590.0	0.519	3.591	0.0095	0.0004	5.318	2.003	44.0	0	3.818	4.940		0.00	
shared	16384 B, W=4	compio-pool	3	4	128	16384	1024	-	-	ok	958965	4794825	129.3	158.2	168.5	200.8	2418.6	0.588	3.527	0.0000	0.0011	4.978	1.978	43.5	0	3.946	4.774		0.00	
shared	16384 B, W=4	tokio-default	3	4	128	16384	1024	-	-	ok	941243	4706213	131.5	191.6	249.2	303.5	2962.7	0.491	3.542	0.0088	0.0003	5.358	2.001	43.5	0	3.796	5.043		0.00	
shared	16384 B, W=4	tokio-per-core	3	4	128	16384	1024	-	-	ok	974304	4871522	132.8	156.3	167.2	182.7	5183.3	0.482	3.559	0.0000	0.0003	5.357	1.985	41.2	0	3.938	5.220		0.00	
shared	16384 B, W=8	tokio-default	1	8	256	16384	1024	-	-	ok	1216529	6082643	178.3	314.2	1113.7	2680.0	15978.3	0.567	4.595	0.0040	0.0738	6.072	1.486	13.0	0	6.280	7.387		0.00	
shared	16384 B, W=8	tokio-per-core	1	8	256	16384	1024	-	-	ok	1350620	6753098	127.8	332.5	736.2	3923.4	7116.1	0.548	4.001	0.0000	0.1414	5.434	1.496	14.6	0	6.144	7.340		0.00	
shared	16384 B, W=8	compio-pool	1	8	256	16384	1024	-	-	ok	1278631	6393156	128.5	311.5	1342.9	4091.8	7128.0	0.659	4.226	0.0001	0.1099	5.357	1.490	14.9	0	6.246	6.850		0.00	
shared	16384 B, W=8	tokio-per-core	2	8	256	16384	1024	-	-	ok	1358254	6791269	124.4	338.2	683.6	3928.8	7116.1	0.476	4.030	0.0000	0.1416	5.412	1.492	14.7	0	6.120	7.351		0.00	
shared	16384 B, W=8	compio-pool	2	8	256	16384	1024	-	-	ok	1272009	6360045	159.4	265.5	1567.8	3986.6	19767.3	0.635	4.289	0.0001	0.1095	5.402	1.491	14.7	0	6.264	6.871		0.00	
shared	16384 B, W=8	tokio-default	2	8	256	16384	1024	-	-	ok	1224616	6123080	177.4	312.5	1120.1	2793.3	6484.0	0.581	4.529	0.0038	0.0763	6.087	1.486	12.8	0	6.258	7.455		0.00	
shared	16384 B, W=8	compio-pool	3	8	256	16384	1024	-	-	ok	1301721	6508604	168.1	259.9	738.2	3650.9	6811.3	0.624	4.307	0.0001	0.1086	5.392	1.392	13.6	0	6.418	7.019		0.00	
shared	16384 B, W=8	tokio-default	3	8	256	16384	1024	-	-	ok	1220146	6100729	178.4	312.0	1116.4	2773.4	30660.3	0.569	4.552	0.0038	0.0760	6.087	1.489	12.9	0	6.248	7.427		0.00	
shared	16384 B, W=8	tokio-per-core	3	8	256	16384	1024	-	-	ok	1406556	7032779	124.8	312.8	923.7	3900.0	7665.0	0.495	4.085	0.0001	0.1274	5.368	1.385	12.0	0	6.442	7.550		0.00	
onecpu	16384 B x 2 conns	tokio-default	1	1	2	16384	1024	0	0	ok	179275	896375	8.3	29.6	30.2	35.5	657.4	0.558	2.153	0.2895	0.4212	2.874	1.715	93.4	0	0.486	0.515	B	0.00	
onecpu	16384 B x 2 conns	tokio-per-core	1	1	2	16384	1024	0	0	ok	180312	901562	11.0	16.5	26.7	29.1	196.8	0.521	2.174	0.3550	0.2896	2.848	1.649	93.5	0	0.486	0.514	B	0.00	
onecpu	16384 B x 2 conns	compio-pool	1	1	2	16384	1024	0	0	ok	175243	876214	10.5	14.3	16.4	21.3	118.4	0.593	2.191	0.2320	0.4582	2.911	1.694	93.5	0	0.488	0.510	B	0.00	
onecpu	16384 B x 2 conns	tokio-per-core	2	1	2	16384	1024	0	0	ok	180508	902539	11.0	16.4	26.7	27.2	115.5	0.488	2.227	0.3656	0.2686	2.825	1.638	93.4	0	0.490	0.510	B	0.00	
onecpu	16384 B x 2 conns	compio-pool	2	1	2	16384	1024	0	0	ok	175697	878486	10.5	14.3	16.3	21.3	199.1	0.501	2.277	0.2320	0.4582	2.906	1.695	93.4	0	0.488	0.511	B	0.00	
onecpu	16384 B x 2 conns	tokio-default	2	1	2	16384	1024	0	0	ok	179936	899680	8.3	29.5	29.9	35.2	153.2	0.500	2.167	0.2908	0.4185	2.881	1.714	93.4	0	0.480	0.518	B	0.00	
onecpu	16384 B x 2 conns	compio-pool	3	1	2	16384	1024	0	0	ok	175143	875713	10.5	14.4	16.4	21.6	86.2	0.537	2.261	0.2321	0.4581	2.915	1.697	93.5	0	0.490	0.511	B	0.00	
onecpu	16384 B x 2 conns	tokio-default	3	1	2	16384	1024	0	0	ok	180606	903028	8.2	29.5	29.9	35.2	730.2	0.543	2.115	0.2799	0.4403	2.880	1.724	93.7	0	0.480	0.520	B	0.00	
onecpu	16384 B x 2 conns	tokio-per-core	3	1	2	16384	1024	0	0	ok	180596	902981	11.0	16.3	26.5	31.6	238.0	0.509	2.215	0.3866	0.2262	2.802	1.616	93.7	0	0.492	0.506	B	0.00	
onecpu	16384 B x 4 conns	tokio-default	1	1	4	16384	1024	0	0	ok	185534	927670	13.2	39.9	43.0	57.7	224.2	0.431	2.113	0.1544	0.3809	2.844	1.539	93.7	0	0.472	0.528	B	0.00	
onecpu	16384 B x 4 conns	tokio-per-core	1	1	4	16384	1024	0	0	ok	189015	945075	20.9	36.6	47.4	60.3	120.9	0.423	2.063	0.1231	0.3461	2.801	1.474	93.7	0	0.470	0.529	B	0.00	
onecpu	16384 B x 4 conns	compio-pool	1	1	4	16384	1024	0	0	ok	186482	932409	21.8	30.0	32.8	38.8	92.3	0.493	2.156	0.1438	0.1256	2.709	1.273	93.6	0	0.494	0.505	B	0.00	
onecpu	16384 B x 4 conns	tokio-per-core	2	1	4	16384	1024	0	0	ok	189582	947908	20.9	36.5	47.1	57.7	119.8	0.390	2.099	0.1242	0.3448	2.789	1.473	93.5	0	0.472	0.529	B	0.00	
onecpu	16384 B x 4 conns	compio-pool	2	1	4	16384	1024	0	0	ok	182026	910132	22.1	30.5	36.5	40.5	88.0	0.483	2.252	0.1294	0.1854	2.762	1.319	93.7	0	0.498	0.503	B	0.00	
onecpu	16384 B x 4 conns	tokio-default	2	1	4	16384	1024	0	0	ok	185216	926078	13.3	40.2	44.2	56.8	522.2	0.443	2.106	0.1495	0.4003	2.843	1.554	93.5	0	0.472	0.527	B	0.00	
onecpu	16384 B x 4 conns	compio-pool	3	1	4	16384	1024	0	0	ok	185084	925418	21.9	30.2	33.9	39.2	606.0	0.497	2.183	0.1393	0.1328	2.716	1.277	93.6	0	0.496	0.503	B	0.00	
onecpu	16384 B x 4 conns	tokio-default	3	1	4	16384	1024	0	0	ok	181255	906274	13.6	41.1	44.5	57.6	121.4	0.508	2.096	0.1498	0.3995	2.914	1.554	93.7	0	0.472	0.528	B	0.00	
onecpu	16384 B x 4 conns	tokio-per-core	3	1	4	16384	1024	0	0	ok	188772	943858	20.9	36.6	47.3	59.9	494.3	0.477	2.013	0.1234	0.3453	2.802	1.472	93.4	0	0.470	0.529	B	0.00	
onecpu	16384 B x 8 conns	tokio-default	1	1	8	16384	1024	0	0	ok	187361	936807	23.5	96.9	119.4	146.0	226.0	0.352	2.071	0.0500	0.4998	2.909	1.553	93.6	0	0.454	0.545	B	0.00	
onecpu	16384 B x 8 conns	tokio-per-core	1	1	8	16384	1024	0	0	ok	188914	944569	30.4	102.7	145.1	167.1	272.3	0.339	2.064	0.0336	0.4608	2.889	1.499	93.6	0	0.454	0.546	B	0.00	
onecpu	16384 B x 8 conns	compio-pool	1	1	8	16384	1024	0	0	ok	177291	886456	44.7	60.1	75.0	86.5	673.3	0.350	2.313	0.0321	0.3617	2.976	1.398	93.4	0	0.472	0.528	B	0.00	
onecpu	16384 B x 8 conns	tokio-per-core	2	1	8	16384	1024	0	0	ok	188811	944054	31.3	99.8	143.5	165.3	463.6	0.339	2.066	0.0343	0.4540	2.893	1.492	93.7	0	0.454	0.546	B	0.00	
onecpu	16384 B x 8 conns	compio-pool	2	1	8	16384	1024	0	0	ok	174937	874683	45.3	61.1	76.3	87.4	196.1	0.423	2.287	0.0324	0.3640	3.008	1.400	93.7	0	0.474	0.526	B	0.00	
onecpu	16384 B x 8 conns	tokio-default	2	1	8	16384	1024	0	0	ok	183256	916282	23.6	99.8	129.3	168.3	771.0	0.327	2.172	0.0461	0.5143	2.963	1.565	93.6	0	0.458	0.543	B	0.00	
onecpu	16384 B x 8 conns	compio-pool	3	1	8	16384	1024	0	0	ok	174577	872887	45.4	61.0	76.2	87.6	240.2	0.412	2.291	0.0324	0.3574	3.026	1.394	93.7	0	0.472	0.528	B	0.00	
onecpu	16384 B x 8 conns	tokio-default	3	1	8	16384	1024	0	0	ok	185594	927968	23.7	98.4	123.0	154.0	762.9	0.366	2.091	0.0475	0.5072	2.927	1.561	93.5	0	0.456	0.543	B	0.00	
onecpu	16384 B x 8 conns	tokio-per-core	3	1	8	16384	1024	0	0	ok	187576	937880	31.4	101.1	144.5	164.6	1300.2	0.363	2.058	0.0342	0.4549	2.913	1.493	93.7	0	0.454	0.546	B	0.00	
onecpu	16384 B x 16 conns	tokio-default	1	1	16	16384	1024	0	0	ok	183053	915267	10.3	240.0	322.6	384.9	888.8	0.339	2.087	0.0076	0.5878	3.041	1.599	93.7	0	0.444	0.557	B	0.00	
onecpu	16384 B x 16 conns	tokio-per-core	1	1	16	16384	1024	0	0	ok	184047	920235	10.2	250.8	357.6	440.3	582.9	0.283	2.119	0.0052	0.5804	3.041	1.589	93.6	0	0.442	0.560	B	0.00	
onecpu	16384 B x 16 conns	compio-pool	1	1	16	16384	1024	0	0	ok	165569	827843	96.2	124.1	146.1	166.4	380.8	0.350	2.476	0.0067	0.4161	3.205	1.428	93.6	0	0.468	0.531	B	0.00	
onecpu	16384 B x 16 conns	tokio-per-core	2	1	16	16384	1024	0	0	ok	184274	921372	10.2	252.2	365.3	447.8	821.3	0.271	2.127	0.0049	0.5845	3.035	1.593	93.7	0	0.442	0.559	B	0.00	
onecpu	16384 B x 16 conns	compio-pool	2	1	16	16384	1024	0	0	ok	168978	844889	94.2	121.8	143.0	163.0	335.1	0.367	2.391	0.0068	0.4075	3.165	1.418	93.7	0	0.466	0.535	B	0.00	
onecpu	16384 B x 16 conns	tokio-default	2	1	16	16384	1024	0	0	ok	184535	922675	10.2	237.9	319.7	380.1	720.7	0.325	2.081	0.0078	0.5870	3.016	1.600	93.5	0	0.444	0.557	B	0.00	
onecpu	16384 B x 16 conns	compio-pool	3	1	16	16384	1024	0	0	ok	166347	831737	95.8	123.5	145.6	166.6	474.6	0.469	2.344	0.0068	0.4111	3.196	1.422	93.4	0	0.468	0.532	B	0.00	
onecpu	16384 B x 16 conns	tokio-default	3	1	16	16384	1024	0	0	ok	183762	918810	10.2	238.7	320.1	382.4	817.2	0.327	2.079	0.0076	0.5866	3.033	1.599	93.2	0	0.442	0.557	B	0.00	
onecpu	16384 B x 16 conns	tokio-per-core	3	1	16	16384	1024	0	0	ok	184552	922762	10.2	252.8	363.1	446.1	620.8	0.368	2.027	0.0052	0.5840	3.028	1.593	93.5	0	0.442	0.559	B	0.00	
onecpu	16384 B x 32 conns	tokio-default	1	1	32	16384	1024	0	0	ok	183836	919181	5.2	582.7	856.8	1042.6	1418.3	0.381	2.002	0.0011	0.6596	3.064	1.666	93.6	0	0.438	0.563	B	0.00	
onecpu	16384 B x 32 conns	tokio-per-core	1	1	32	16384	1024	0	0	ok	183908	919542	5.1	613.2	924.8	1085.9	1870.3	0.239	2.131	0.0008	0.6702	3.074	1.675	93.6	0	0.436	0.565	B	0.00	
onecpu	16384 B x 32 conns	compio-pool	1	1	32	16384	1024	0	0	ok	161361	806807	198.0	232.2	286.8	328.8	681.1	0.434	2.491	0.0010	0.4557	3.271	1.463	93.6	0	0.472	0.528	B	0.00	
onecpu	16384 B x 32 conns	tokio-per-core	2	1	32	16384	1024	0	0	ok	183969	919847	5.1	613.8	924.0	1097.9	4306.0	0.294	2.076	0.0009	0.6691	3.073	1.674	93.5	0	0.436	0.565	B	0.00	
onecpu	16384 B x 32 conns	compio-pool	2	1	32	16384	1024	0	0	ok	162620	813102	196.8	230.5	283.9	325.0	717.3	0.418	2.484	0.0010	0.4568	3.249	1.462	93.5	0	0.472	0.528	B	0.00	
onecpu	16384 B x 32 conns	tokio-default	2	1	32	16384	1024	0	0	ok	184075	920376	5.2	586.1	868.5	1060.8	4138.6	0.304	2.075	0.0011	0.6635	3.055	1.669	93.6	0	0.438	0.562	B	0.00	
onecpu	16384 B x 32 conns	compio-pool	3	1	32	16384	1024	0	0	ok	162457	812285	197.1	230.6	284.1	327.4	1615.2	0.369	2.548	0.0011	0.4548	3.240	1.461	93.6	0	0.474	0.526	B	0.00	
onecpu	16384 B x 32 conns	tokio-default	3	1	32	16384	1024	0	0	ok	183941	919707	5.2	584.3	862.1	1053.6	3220.2	0.283	2.098	0.0011	0.6619	3.056	1.667	93.6	0	0.438	0.562	B	0.00	
onecpu	16384 B x 32 conns	tokio-per-core	3	1	32	16384	1024	0	0	ok	184678	923390	5.1	622.1	940.2	1105.4	2146.4	0.347	2.014	0.0009	0.6759	3.057	1.682	93.6	0	0.436	0.565	B	0.00	
onecpu	512 B x 16 conns	tokio-default	1	1	16	512	1024	0	0	ok	239743	1198713	70.1	89.6	106.7	116.9	735.7	0.392	1.535	0.0023	0.4983	2.240	1.504	93.6	0	0.462	0.537	B	0.00	
onecpu	512 B x 16 conns	tokio-per-core	1	1	16	512	1024	0	0	ok	244818	1224088	65.2	85.4	100.0	108.0	637.7	0.294	1.585	0.0022	0.4645	2.211	1.469	93.5	0	0.460	0.541	B	0.00	
onecpu	512 B x 16 conns	compio-pool	1	1	16	512	1024	0	0	ok	241837	1209183	66.2	85.8	101.6	115.2	614.5	0.389	1.546	0.0067	0.4203	2.197	1.430	93.6	0	0.468	0.531	B	0.00	
onecpu	512 B x 16 conns	tokio-per-core	2	1	16	512	1024	0	0	ok	239772	1198861	66.5	87.2	102.0	110.5	289.2	0.334	1.602	0.0023	0.4764	2.240	1.482	93.4	0	0.464	0.537	B	0.00	
onecpu	512 B x 16 conns	compio-pool	2	1	16	512	1024	0	0	ok	240812	1204062	66.5	86.2	102.1	115.9	338.9	0.341	1.603	0.0067	0.4193	2.208	1.429	93.6	0	0.468	0.532	B	0.00	
onecpu	512 B x 16 conns	tokio-default	2	1	16	512	1024	0	0	ok	238258	1191289	70.5	90.0	107.3	117.5	510.8	0.386	1.561	0.0023	0.4965	2.251	1.502	93.5	0	0.464	0.536	B	0.00	
onecpu	512 B x 16 conns	compio-pool	3	1	16	512	1024	0	0	ok	241600	1208001	66.3	85.9	101.5	115.0	590.6	0.364	1.581	0.0067	0.4204	2.197	1.431	93.5	0	0.470	0.531	B	0.00	
onecpu	512 B x 16 conns	tokio-default	3	1	16	512	1024	0	0	ok	239809	1199045	70.1	89.7	106.7	116.9	618.2	0.325	1.601	0.0023	0.4969	2.244	1.502	93.5	0	0.462	0.538	B	0.00	
onecpu	512 B x 16 conns	tokio-per-core	3	1	16	512	1024	0	0	ok	242596	1212978	65.8	86.1	101.0	109.4	295.0	0.346	1.542	0.0023	0.4645	2.234	1.472	93.5	0	0.458	0.542	B	0.00	
onecpu	2048 B x 16 conns	tokio-default	1	1	16	2048	1024	0	0	ok	224315	1121574	74.9	95.8	114.1	125.8	627.7	0.330	1.730	0.0023	0.4983	2.403	1.503	93.6	0	0.462	0.539	B	0.00	
onecpu	2048 B x 16 conns	tokio-per-core	1	1	16	2048	1024	0	0	ok	230100	1150498	69.4	90.8	106.4	115.1	288.7	0.322	1.660	0.0023	0.4611	2.362	1.467	93.6	0	0.456	0.544	B	0.00	
onecpu	2048 B x 16 conns	compio-pool	1	1	16	2048	1024	0	0	ok	227469	1137346	70.4	91.3	108.1	122.5	300.5	0.343	1.715	0.0067	0.4259	2.341	1.435	93.5	0	0.468	0.532	B	0.00	
onecpu	2048 B x 16 conns	tokio-per-core	2	1	16	2048	1024	0	0	ok	229423	1147113	69.6	91.2	106.8	115.4	822.5	0.384	1.604	0.0023	0.4630	2.371	1.470	93.6	0	0.456	0.544	B	0.00	
onecpu	2048 B x 16 conns	compio-pool	2	1	16	2048	1024	0	0	ok	226341	1131704	70.8	91.7	108.6	123.3	490.4	0.371	1.697	0.0067	0.4228	2.356	1.433	93.7	0	0.468	0.533	B	0.00	
onecpu	2048 B x 16 conns	tokio-default	2	1	16	2048	1024	0	0	ok	225695	1128476	74.4	95.2	113.4	125.2	684.6	0.363	1.684	0.0023	0.4951	2.393	1.501	93.5	0	0.462	0.540	B	0.00	
onecpu	2048 B x 16 conns	compio-pool	3	1	16	2048	1024	0	0	ok	226827	1134134	70.6	91.5	108.3	122.7	446.3	0.335	1.728	0.0067	0.4252	2.349	1.436	93.3	0	0.468	0.533	B	0.00	
onecpu	2048 B x 16 conns	tokio-default	3	1	16	2048	1024	0	0	ok	225407	1127037	74.5	95.4	113.5	125.1	460.6	0.399	1.641	0.0023	0.4959	2.397	1.502	93.0	0	0.460	0.540	B	0.00	
onecpu	2048 B x 16 conns	tokio-per-core	3	1	16	2048	1024	0	0	ok	229144	1145721	69.6	91.2	107.0	116.2	595.6	0.367	1.632	0.0022	0.4637	2.366	1.470	93.3	0	0.458	0.542	B	0.00	
onecpu	4096 B x 16 conns	tokio-default	1	1	16	4096	1024	0	0	ok	211849	1059243	79.2	101.7	120.8	132.4	987.7	0.349	1.831	0.0022	0.5095	2.540	1.516	93.6	0	0.462	0.538	B	0.00	
onecpu	4096 B x 16 conns	tokio-per-core	1	1	16	4096	1024	0	0	ok	216618	1083090	73.5	96.6	113.2	123.0	681.4	0.332	1.773	0.0022	0.4671	2.514	1.472	93.4	0	0.456	0.545	B	0.00	
onecpu	4096 B x 16 conns	compio-pool	1	1	16	4096	1024	0	0	ok	217135	1085674	73.7	95.7	113.0	128.7	256.4	0.341	1.796	0.0067	0.4196	2.473	1.430	93.6	0	0.464	0.537	B	0.00	
onecpu	4096 B x 16 conns	tokio-per-core	2	1	16	4096	1024	0	0	ok	213134	1065671	74.6	98.3	114.9	125.2	467.9	0.366	1.811	0.0022	0.4950	2.513	1.501	93.4	0	0.464	0.536	B	0.00	
onecpu	4096 B x 16 conns	compio-pool	2	1	16	4096	1024	0	0	ok	217135	1085677	73.7	95.7	113.0	128.4	811.3	0.341	1.805	0.0067	0.4226	2.464	1.433	93.4	0	0.466	0.535	B	0.00	
onecpu	4096 B x 16 conns	tokio-default	2	1	16	4096	1024	0	0	ok	211040	1055199	79.5	102.2	121.0	133.0	329.1	0.398	1.801	0.0021	0.5156	2.537	1.521	93.5	0	0.464	0.535	B	0.00	
onecpu	4096 B x 16 conns	compio-pool	3	1	16	4096	1024	0	0	ok	216367	1081834	73.9	96.0	113.5	128.8	485.2	0.296	1.849	0.0067	0.4218	2.475	1.432	93.2	0	0.464	0.535	B	0.00	
onecpu	4096 B x 16 conns	tokio-default	3	1	16	4096	1024	0	0	ok	213324	1066622	78.7	100.9	119.7	131.2	481.1	0.356	1.819	0.0022	0.5149	2.511	1.522	93.4	0	0.464	0.536	B	0.00	
onecpu	4096 B x 16 conns	tokio-per-core	3	1	16	4096	1024	0	0	ok	217784	1088920	73.1	96.0	112.6	122.1	931.3	0.321	1.782	0.0022	0.4739	2.491	1.479	93.5	0	0.458	0.543	B	0.00	
onecpu	8192 B x 16 conns	tokio-default	1	1	16	8192	1024	0	0	ok	197957	989785	84.5	109.1	130.1	148.3	466.7	0.323	1.980	0.0022	0.4985	2.755	1.507	93.4	0	0.456	0.545	B	0.00	
onecpu	8192 B x 16 conns	tokio-per-core	1	1	16	8192	1024	0	0	ok	198790	993950	80.0	105.4	123.6	134.6	604.1	0.302	1.972	0.0021	0.4723	2.758	1.478	93.0	0	0.452	0.548	B	0.00	
onecpu	8192 B x 16 conns	compio-pool	1	1	16	8192	1024	0	0	ok	194613	973066	82.1	106.4	125.4	142.8	469.2	0.319	2.045	0.0069	0.4109	2.769	1.421	93.0	0	0.460	0.539	B	0.00	
onecpu	8192 B x 16 conns	tokio-per-core	2	1	16	8192	1024	0	0	ok	200585	1002926	79.2	104.4	122.4	132.9	481.6	0.379	1.884	0.0021	0.4725	2.724	1.479	93.2	0	0.454	0.546	B	0.00	
onecpu	8192 B x 16 conns	compio-pool	2	1	16	8192	1024	0	0	ok	194895	974476	82.0	106.2	125.3	142.8	321.8	0.339	2.042	0.0068	0.4127	2.755	1.424	93.6	0	0.464	0.537	B	0.00	
onecpu	8192 B x 16 conns	tokio-default	2	1	16	8192	1024	0	0	ok	200973	1004865	83.5	107.1	127.6	139.9	595.9	0.438	1.811	0.0023	0.4901	2.728	1.495	93.6	0	0.452	0.548	B	0.00	
onecpu	8192 B x 16 conns	compio-pool	3	1	16	8192	1024	0	0	ok	197483	987415	80.9	104.8	123.7	141.4	477.5	0.425	1.934	0.0068	0.4170	2.714	1.427	93.5	0	0.466	0.536	B	0.00	
onecpu	8192 B x 16 conns	tokio-default	3	1	16	8192	1024	0	0	ok	200720	1003598	83.6	107.3	127.8	140.5	374.0	0.428	1.833	0.0022	0.4945	2.719	1.501	93.5	0	0.454	0.546	B	0.00	
onecpu	8192 B x 16 conns	tokio-per-core	3	1	16	8192	1024	0	0	ok	198124	990620	79.6	105.4	124.4	137.1	465.0	0.384	1.938	0.0021	0.4875	2.731	1.493	93.7	0	0.460	0.541	B	0.00	
churn	reconnect per request	tokio-default	1	4	64	512	1024	0,1,2,3	4,12,5,13,6,14,7,15	ok	23545	117726	330.6	7716.3	15677.4	19746.7	30159.0	3.228	10.023	1.3393	0.0057	325.451	4.176	49.8	0	0.312	7.663	C	0.00	active 0 pool 153/4096 (avail 153) accepted 117791 done 117791 errs 0
churn	reconnect per request	tokio-per-core	1	4	64	512	1024	0,1,2,3	4,12,5,13,6,14,7,15	ok	25772	128862	212.0	7648.6	16043.4	20825.8	40519.3	1.319	8.769	0.7249	0.0012	306.980	2.804	48.8	0	0.260	7.911	C	0.00	
churn	reconnect per request	compio-pool	1	4	64	512	1024	0,1,2,3	4,12,5,13,6,14,7,15	ok	25713	128565	219.8	7513.8	15577.9	19550.5	30776.7	1.945	8.789	0.5423	0.0009	306.374	2.640	25.8	0	0.276	7.878	C	0.00	active 0 queued 0/4096 accepted 128630 local 128630 handed_off 0 claimed 0 bounced 0 oversub 0 rejected 0 done 128630 errs 0
churn	reconnect per request	compio-pool@cap2	1	4	64	512	2	0,1,2,3	4,12,5,13,6,14,7,15	ok	25362	126810	250.8	7267.9	7686.9	8057.1	8964.5	2.366	9.700	0.8371	0.0007	300.197	3.723	27.4	0	0.306	7.614	C	0.00	active 0 queued 0/4096 accepted 126875 local 15040 handed_off 111835 claimed 111835 bounced 2 oversub 0 rejected 0 done 126875 errs 0
churn	reconnect per request	compio-pool@cap1	1	4	64	512	1	0,1,2,3	4,12,5,13,6,14,7,15	ok	19059	95295	366.4	12969.6	13693.3	14200.5	14674.0	2.309	13.222	1.2283	0.0010	197.398	4.513	51.5	0	0.296	3.762		0.00	active 0 queued 0/4096 accepted 95360 local 3082 handed_off 92278 claimed 92278 bounced 3 oversub 0 rejected 0 done 95360 errs 0
churn	reconnect per request	tokio-per-core	2	4	64	512	1024	0,1,2,3	4,12,5,13,6,14,7,15	ok	25736	128680	207.2	7765.1	16515.0	22124.6	35786.5	1.865	8.237	0.7252	0.0011	306.878	2.805	48.9	0	0.260	7.898	C	0.00	
churn	reconnect per request	compio-pool	2	4	64	512	1024	0,1,2,3	4,12,5,13,6,14,7,15	ok	25745	128727	223.1	7521.9	15596.3	19350.0	28330.7	1.709	9.011	0.5412	0.0007	306.540	2.632	25.7	0	0.276	7.892	C	0.00	active 0 queued 0/4096 accepted 128792 local 128792 handed_off 0 claimed 0 bounced 0 oversub 0 rejected 0 done 128792 errs 0
churn	reconnect per request	compio-pool@cap2	2	4	64	512	2	0,1,2,3	4,12,5,13,6,14,7,15	ok	25383	126917	252.7	7256.8	7690.2	8203.5	9608.4	2.364	9.849	0.8427	0.0007	299.936	3.749	27.2	0	0.310	7.613	C	0.00	active 0 queued 0/4096 accepted 126982 local 15253 handed_off 111729 claimed 111729 bounced 3 oversub 0 rejected 0 done 126982 errs 0
churn	reconnect per request	compio-pool@cap1	2	4	64	512	1	0,1,2,3	4,12,5,13,6,14,7,15	ok	21358	106790	364.9	12909.8	13671.1	14176.5	16056.7	2.716	12.735	1.2092	0.0012	174.398	4.474	51.8	0	0.330	3.725		0.00	active 0 queued 0/4096 accepted 106855 local 3419 handed_off 103436 claimed 103436 bounced 2 oversub 0 rejected 0 done 106855 errs 0
churn	reconnect per request	tokio-default	2	4	64	512	1024	0,1,2,3	4,12,5,13,6,14,7,15	ok	25474	127371	365.4	7583.8	15759.7	19859.7	30928.8	2.355	10.677	1.2343	0.0055	300.445	3.977	50.2	0	0.332	7.654	C	0.00	active 0 pool 157/4096 (avail 157) accepted 127436 done 127436 errs 0
churn	reconnect per request	compio-pool	3	4	64	512	1024	0,1,2,3	4,12,5,13,6,14,7,15	ok	25689	128443	222.4	7482.4	15600.1	19899.9	31951.8	1.713	8.953	0.5387	0.0007	306.502	2.639	25.9	0	0.274	7.874	C	0.00	active 0 queued 0/4096 accepted 128508 local 128508 handed_off 0 claimed 0 bounced 0 oversub 0 rejected 0 done 128508 errs 0
churn	reconnect per request	compio-pool@cap2	3	4	64	512	2	0,1,2,3	4,12,5,13,6,14,7,15	ok	25454	127269	251.8	7206.3	7582.9	8036.9	9010.5	2.514	9.586	0.8376	0.0007	299.837	3.714	27.3	0	0.308	7.632	C	0.00	active 0 queued 0/4096 accepted 127334 local 15384 handed_off 111950 claimed 111950 bounced 3 oversub 0 rejected 0 done 127334 errs 0
churn	reconnect per request	compio-pool@cap1	3	4	64	512	1	0,1,2,3	4,12,5,13,6,14,7,15	ok	21386	106932	365.1	12924.6	13644.5	14135.4	15199.8	2.806	12.531	1.2126	0.0012	175.392	4.486	51.6	0	0.328	3.751		0.00	active 0 queued 0/4096 accepted 106997 local 3455 handed_off 103542 claimed 103542 bounced 3 oversub 0 rejected 0 done 106997 errs 0
churn	reconnect per request	tokio-default	3	4	64	512	1024	0,1,2,3	4,12,5,13,6,14,7,15	ok	23405	117023	375.6	7647.8	15606.6	19125.1	27027.6	3.931	9.400	1.3529	0.0054	328.559	4.192	49.9	0	0.312	7.690	C	0.00	active 0 pool 153/4096 (avail 153) accepted 117088 done 117088 errs 0
churn	reconnect per request	tokio-per-core	3	4	64	512	1024	0,1,2,3	4,12,5,13,6,14,7,15	ok	25656	128281	204.1	7798.9	16428.9	21814.2	35193.4	1.403	8.731	0.7211	0.0010	306.694	2.811	48.9	0	0.260	7.869	C	0.00	

##### PROGRESS LOG #####
results directory: ~/bench-results/high-core-machine-20261002T192557Z
preflight: starting each server once ...
  tokio-default: ok (432105 req/s)
  tokio-per-core: ok (421006 req/s)
  compio-pool: ok (417553 req/s)
  compio-pool:2: ok (376547 req/s)
  compio-pool:1: ok (192698 req/s)
[1/34] scale512 / W=1   W=1 conns=64 bytes=512 server=0 clients=1,9,2,10,3,11,4,12,5,13,6,14,7,15
    run 1  tokio-default  451630 req/s  p50 141.7us  p99 156.4us  S
    run 1  tokio-per-core  460882 req/s  p50 136.8us  p99 150.1us  S
    run 1  compio-pool  419044 req/s  p50 149.2us  p99 175.7us  S
    run 2  tokio-per-core  453743 req/s  p50 138.6us  p99 152.0us  S
    run 2  compio-pool  418787 req/s  p50 150.2us  p99 176.0us  S
    run 2  tokio-default  459784 req/s  p50 139.4us  p99 153.4us  S
    run 3  compio-pool  416789 req/s  p50 150.4us  p99 175.8us  S
    run 3  tokio-default  449647 req/s  p50 142.3us  p99 157.0us  S
    run 3  tokio-per-core  462190 req/s  p50 137.1us  p99 150.2us  S
    point done; 0 min elapsed, about 31 min left
[2/34] scale512 / W=2   W=2 conns=64 bytes=512 server=0,1 clients=2,10,3,11,4,12,5,13,6,14,7,15
    run 1  tokio-default  856532 req/s  p50 74.1us  p99 109.3us  S
    run 1  tokio-per-core  948711 req/s  p50 77.2us  p99 88.6us  S
    run 1  compio-pool  862825 req/s  p50 75.0us  p99 89.1us  S
    run 2  tokio-per-core  948205 req/s  p50 69.6us  p99 79.9us  S
    run 2  compio-pool  865371 req/s  p50 73.5us  p99 82.3us  S
    run 2  tokio-default  859802 req/s  p50 73.8us  p99 110.1us  S
    run 3  compio-pool  868813 req/s  p50 74.7us  p99 83.5us  S
    run 3  tokio-default  859508 req/s  p50 73.6us  p99 108.8us  S
    run 3  tokio-per-core  945641 req/s  p50 68.7us  p99 78.6us  S
    point done; 1 min elapsed, about 30 min left
[3/34] scale512 / W=4   W=4 conns=128 bytes=512 server=0,1,2,3 clients=4,12,5,13,6,14,7,15
    run 1  tokio-default  1362895 req/s  p50 91.3us  p99 161.7us  S
    run 1  tokio-per-core  1507097 req/s  p50 81.7us  p99 106.9us  S
    run 1  compio-pool  1437449 req/s  p50 88.3us  p99 109.7us  S
    run 2  tokio-per-core  1513215 req/s  p50 86.4us  p99 106.7us  S
    run 2  compio-pool  1447095 req/s  p50 88.6us  p99 106.4us  S
    run 2  tokio-default  1363151 req/s  p50 91.4us  p99 163.6us  S
    run 3  compio-pool  1442679 req/s  p50 87.3us  p99 105.8us  S
    run 3  tokio-default  1367710 req/s  p50 91.3us  p99 162.9us  S
    run 3  tokio-per-core  1505559 req/s  p50 84.4us  p99 115.5us  S
    point done; 2 min elapsed, about 29 min left
[4/34] scale16k / W=1   W=1 conns=64 bytes=16384 server=0 clients=1,9,2,10,3,11,4,12,5,13,6,14,7,15
    run 1  tokio-default  273741 req/s  p50 234.9us  p99 256.5us  S
    run 1  tokio-per-core  275866 req/s  p50 229.9us  p99 250.2us  S
    run 1  compio-pool  285429 req/s  p50 219.3us  p99 271.1us  S
    run 2  tokio-per-core  274293 req/s  p50 231.1us  p99 250.7us  S
    run 2  compio-pool  284810 req/s  p50 219.8us  p99 271.7us  S
    run 2  tokio-default  274379 req/s  p50 234.3us  p99 256.0us  S
    run 3  compio-pool  282339 req/s  p50 222.3us  p99 269.3us  S
    run 3  tokio-default  274596 req/s  p50 233.6us  p99 254.3us  S
    run 3  tokio-per-core  275213 req/s  p50 230.4us  p99 251.8us  S
    point done; 3 min elapsed, about 28 min left
[5/34] scale16k / W=2   W=2 conns=64 bytes=16384 server=0,1 clients=2,10,3,11,4,12,5,13,6,14,7,15
    run 1  tokio-default  550499 req/s  p50 115.5us  p99 172.4us  S
    run 1  tokio-per-core  582880 req/s  p50 115.8us  p99 139.5us  S
    run 1  compio-pool  622634 req/s  p50 83.4us  p99 141.8us  S
    run 2  tokio-per-core  583746 req/s  p50 110.1us  p99 129.7us  S
    run 2  compio-pool  616433 req/s  p50 105.9us  p99 125.1us  S
    run 2  tokio-default  550587 req/s  p50 115.8us  p99 173.2us  S
    run 3  compio-pool  620494 req/s  p50 83.7us  p99 139.3us  S
    run 3  tokio-default  550510 req/s  p50 115.8us  p99 172.6us  S
    run 3  tokio-per-core  584192 req/s  p50 112.4us  p99 136.5us  S
    point done; 4 min elapsed, about 27 min left
[6/34] scale16k / W=4   W=4 conns=128 bytes=16384 server=0,1,2,3 clients=4,12,5,13,6,14,7,15
    run 1  tokio-default  998313 req/s  p50 125.2us  p99 217.2us  S
    run 1  tokio-per-core  1088320 req/s  p50 113.4us  p99 140.2us  S
    run 1  compio-pool  1064520 req/s  p50 117.7us  p99 138.6us  S
    run 2  tokio-per-core  1096646 req/s  p50 116.1us  p99 144.1us  S
    run 2  compio-pool  1065085 req/s  p50 121.0us  p99 155.2us  S
    run 2  tokio-default  996051 req/s  p50 125.4us  p99 218.3us  S
    run 3  compio-pool  1051933 req/s  p50 116.9us  p99 152.2us  S
    run 3  tokio-default  992970 req/s  p50 125.8us  p99 218.5us  S
    run 3  tokio-per-core  1079115 req/s  p50 119.4us  p99 139.3us  S
    point done; 5 min elapsed, about 26 min left
[7/34] payload / 64 B   W=4 conns=128 bytes=64 server=0,1,2,3 clients=4,12,5,13,6,14,7,15
    run 1  tokio-default  1378139 req/s  p50 90.6us  p99 162.3us  S
    run 1  tokio-per-core  1516836 req/s  p50 77.6us  p99 123.4us  S
    run 1  compio-pool  1459767 req/s  p50 89.8us  p99 116.3us  S
    run 2  tokio-per-core  1525486 req/s  p50 85.9us  p99 111.0us  S
    run 2  compio-pool  1450550 req/s  p50 88.3us  p99 116.8us  S
    run 2  tokio-default  1378057 req/s  p50 90.6us  p99 161.9us  S
    run 3  compio-pool  1449130 req/s  p50 86.9us  p99 118.0us  S
    run 3  tokio-default  1376584 req/s  p50 90.8us  p99 161.6us  S
    run 3  tokio-per-core  1509543 req/s  p50 84.5us  p99 110.4us  S
    point done; 6 min elapsed, about 25 min left
[8/34] payload / 512 B   W=4 conns=128 bytes=512 server=0,1,2,3 clients=4,12,5,13,6,14,7,15
    run 1  tokio-default  1370130 req/s  p50 91.1us  p99 163.9us  S
    run 1  tokio-per-core  1513817 req/s  p50 85.6us  p99 104.6us  S
    run 1  compio-pool  1432419 req/s  p50 86.2us  p99 116.8us  S
    run 2  tokio-per-core  1500863 req/s  p50 81.6us  p99 113.6us  S
    run 2  compio-pool  1437512 req/s  p50 89.4us  p99 114.3us  S
    run 2  tokio-default  1373468 req/s  p50 91.1us  p99 162.7us  S
    run 3  compio-pool  1433999 req/s  p50 88.4us  p99 116.4us  S
    run 3  tokio-default  1363602 req/s  p50 91.6us  p99 163.1us  S
    run 3  tokio-per-core  1490682 req/s  p50 83.8us  p99 103.9us  S
    point done; 7 min elapsed, about 24 min left
[9/34] payload / 2048 B   W=4 conns=128 bytes=2048 server=0,1,2,3 clients=4,12,5,13,6,14,7,15
    run 1  tokio-default  1307626 req/s  p50 95.1us  p99 169.8us  S
    run 1  tokio-per-core  1454799 req/s  p50 86.5us  p99 123.6us  S
    run 1  compio-pool  1372416 req/s  p50 87.0us  p99 128.0us  S
    run 2  tokio-per-core  1439878 req/s  p50 87.3us  p99 103.2us  S
    run 2  compio-pool  1380326 req/s  p50 91.9us  p99 114.0us  S
    run 2  tokio-default  1315266 req/s  p50 95.0us  p99 168.9us  S
    run 3  compio-pool  1391512 req/s  p50 90.8us  p99 107.1us  S
    run 3  tokio-default  1312689 req/s  p50 94.8us  p99 168.8us  S
    run 3  tokio-per-core  1452457 req/s  p50 83.7us  p99 123.0us  S
    point done; 8 min elapsed, about 24 min left
[10/34] payload / 8192 B   W=4 conns=128 bytes=8192 server=0,1,2,3 clients=4,12,5,13,6,14,7,15
    run 1  tokio-default  1202212 req/s  p50 103.5us  p99 184.2us  S
    run 1  tokio-per-core  1330460 req/s  p50 85.5us  p99 139.9us  S
    run 1  compio-pool  1268432 req/s  p50 100.0us  p99 123.7us  S
    run 2  tokio-per-core  1313967 req/s  p50 91.4us  p99 138.6us  S
    run 2  compio-pool  1277934 req/s  p50 102.0us  p99 129.0us  S
    run 2  tokio-default  1208956 req/s  p50 103.6us  p99 182.6us  S
    run 3  compio-pool  1274375 req/s  p50 101.3us  p99 125.1us  S
    run 3  tokio-default  1197323 req/s  p50 103.9us  p99 183.4us  S
    run 3  tokio-per-core  1323407 req/s  p50 95.3us  p99 139.6us  S
    point done; 9 min elapsed, about 23 min left
[11/34] payload / 16384 B   W=4 conns=128 bytes=16384 server=0,1,2,3 clients=4,12,5,13,6,14,7,15
    run 1  tokio-default  988504 req/s  p50 126.8us  p99 219.9us  S
    run 1  tokio-per-core  1083323 req/s  p50 119.8us  p99 147.5us  S
    run 1  compio-pool  1063295 req/s  p50 110.4us  p99 169.8us  S
    run 2  tokio-per-core  1088332 req/s  p50 117.6us  p99 135.5us  S
    run 2  compio-pool  1056321 req/s  p50 120.2us  p99 147.5us  S
    run 2  tokio-default  997582 req/s  p50 125.3us  p99 218.8us  S
    run 3  compio-pool  1063402 req/s  p50 118.3us  p99 135.3us  S
    run 3  tokio-default  997372 req/s  p50 125.5us  p99 218.1us  S
    run 3  tokio-per-core  1091613 req/s  p50 112.6us  p99 160.7us  S
    point done; 10 min elapsed, about 22 min left
[12/34] conns / 4 conns   W=4 conns=4 bytes=512 server=0,1,2,3 clients=4,12,5,13,6,14,7,15
    run 1  tokio-default  516946 req/s  p50 7.0us  p99 14.0us  
    run 1  tokio-per-core  735490 req/s  p50 4.8us  p99 9.9us  
    run 1  compio-pool  752226 req/s  p50 5.1us  p99 9.1us  
    run 2  tokio-per-core  766124 req/s  p50 4.6us  p99 9.7us  
    run 2  compio-pool  751304 req/s  p50 5.1us  p99 9.2us  
    run 2  tokio-default  506685 req/s  p50 7.2us  p99 14.1us  
    run 3  compio-pool  744026 req/s  p50 5.1us  p99 9.6us  
    run 3  tokio-default  517446 req/s  p50 7.0us  p99 14.0us  
    run 3  tokio-per-core  775056 req/s  p50 4.6us  p99 9.7us  
    point done; 11 min elapsed, about 21 min left
[13/34] conns / 16 conns   W=4 conns=16 bytes=512 server=0,1,2,3 clients=4,12,5,13,6,14,7,15
    run 1  tokio-default  1211223 req/s  p50 13.0us  p99 22.7us  S
    run 1  tokio-per-core  1349839 req/s  p50 11.8us  p99 21.1us  S
    run 1  compio-pool  1344670 req/s  p50 11.0us  p99 22.4us  S
    run 2  tokio-per-core  1415913 req/s  p50 10.8us  p99 20.5us  S
    run 2  compio-pool  1167157 req/s  p50 14.7us  p99 22.0us  
    run 2  tokio-default  1211794 req/s  p50 13.0us  p99 22.6us  S
    run 3  compio-pool  1370518 req/s  p50 11.2us  p99 20.5us  S
    run 3  tokio-default  1212508 req/s  p50 13.0us  p99 22.6us  S
    run 3  tokio-per-core  1345176 req/s  p50 11.9us  p99 21.1us  S
    point done; 12 min elapsed, about 20 min left
[14/34] conns / 64 conns   W=4 conns=64 bytes=512 server=0,1,2,3 clients=4,12,5,13,6,14,7,15
    run 1  tokio-default  1321077 req/s  p50 47.5us  p99 83.8us  S
    run 1  tokio-per-core  1505972 req/s  p50 40.5us  p99 68.7us  S
    run 1  compio-pool  1440958 req/s  p50 43.3us  p99 66.7us  S
    run 2  tokio-per-core  1512307 req/s  p50 42.6us  p99 57.2us  S
    run 2  compio-pool  1449974 req/s  p50 44.0us  p99 56.4us  S
    run 2  tokio-default  1318362 req/s  p50 47.5us  p99 83.3us  S
    run 3  compio-pool  1445563 req/s  p50 42.5us  p99 65.9us  S
    run 3  tokio-default  1313196 req/s  p50 47.5us  p99 83.1us  S
    run 3  tokio-per-core  1502148 req/s  p50 42.6us  p99 57.2us  S
    point done; 13 min elapsed, about 19 min left
[15/34] conns / 256 conns   W=4 conns=256 bytes=512 server=0,1,2,3 clients=4,12,5,13,6,14,7,15
    run 1  tokio-default  1398010 req/s  p50 177.3us  p99 308.9us  S
    run 1  tokio-per-core  1518682 req/s  p50 174.2us  p99 202.9us  S
    run 1  compio-pool  1436346 req/s  p50 170.9us  p99 220.0us  S
    run 2  tokio-per-core  1514200 req/s  p50 170.4us  p99 223.1us  S
    run 2  compio-pool  1453385 req/s  p50 171.1us  p99 208.5us  S
    run 2  tokio-default  1409189 req/s  p50 177.8us  p99 309.4us  S
    run 3  compio-pool  1440657 req/s  p50 163.3us  p99 231.1us  S
    run 3  tokio-default  1416529 req/s  p50 177.1us  p99 309.0us  S
    run 3  tokio-per-core  1494440 req/s  p50 165.6us  p99 202.0us  S
    point done; 14 min elapsed, about 18 min left
[16/34] conns / 1024 conns   W=4 conns=1024 bytes=512 server=0,1,2,3 clients=4,12,5,13,6,14,7,15
    run 1  tokio-default  1153076 req/s  p50 516.1us  p99 1872.9us  
    run 1  tokio-per-core  1474102 req/s  p50 650.2us  p99 800.6us  S
    run 1  compio-pool  1394742 req/s  p50 691.1us  p99 810.0us  S
    run 2  tokio-per-core  1452513 req/s  p50 667.8us  p99 744.0us  S
    run 2  compio-pool  1406786 req/s  p50 704.0us  p99 803.7us  S
    run 2  tokio-default  1433258 req/s  p50 508.3us  p99 2148.6us  S
    run 3  compio-pool  1412768 req/s  p50 718.1us  p99 782.5us  S
    run 3  tokio-default  1441912 req/s  p50 519.4us  p99 1883.7us  S
    run 3  tokio-per-core  1477536 req/s  p50 686.9us  p99 743.0us  S
    point done; 15 min elapsed, about 17 min left
[17/34] shared / 512 B, W=1   W=1 conns=64 bytes=512 server=any clients=any
    run 1  tokio-default  438904 req/s  p50 145.7us  p99 164.3us  
    run 1  tokio-per-core  449281 req/s  p50 140.8us  p99 156.7us  
    run 1  compio-pool  401575 req/s  p50 156.4us  p99 183.6us  
    run 2  tokio-per-core  460397 req/s  p50 137.5us  p99 151.1us  
    run 2  compio-pool  377820 req/s  p50 167.4us  p99 194.0us  
    run 2  tokio-default  451715 req/s  p50 141.8us  p99 157.9us  
    run 3  compio-pool  399403 req/s  p50 156.9us  p99 182.4us  
    run 3  tokio-default  441818 req/s  p50 143.0us  p99 193.1us  
    run 3  tokio-per-core  445787 req/s  p50 141.7us  p99 157.8us  
    point done; 16 min elapsed, about 16 min left
[18/34] shared / 512 B, W=2   W=2 conns=64 bytes=512 server=any clients=any
    run 1  tokio-default  809321 req/s  p50 78.6us  p99 118.3us  
    run 1  tokio-per-core  872543 req/s  p50 72.4us  p99 82.8us  
    run 1  compio-pool  784330 req/s  p50 79.7us  p99 92.7us  
    run 2  tokio-per-core  876863 req/s  p50 71.7us  p99 81.8us  
    run 2  compio-pool  770412 req/s  p50 100.8us  p99 113.1us  
    run 2  tokio-default  832213 req/s  p50 76.2us  p99 118.2us  
    run 3  compio-pool  788999 req/s  p50 76.6us  p99 100.0us  
    run 3  tokio-default  821153 req/s  p50 77.8us  p99 119.3us  
    run 3  tokio-per-core  870480 req/s  p50 72.7us  p99 87.9us  
    point done; 17 min elapsed, about 15 min left
[19/34] shared / 512 B, W=4   W=4 conns=128 bytes=512 server=any clients=any
    run 1  tokio-default  1297371 req/s  p50 94.8us  p99 177.1us  
    run 1  tokio-per-core  1433833 req/s  p50 87.2us  p99 110.7us  
    run 1  compio-pool  1340504 req/s  p50 92.6us  p99 119.9us  
    run 2  tokio-per-core  1441599 req/s  p50 87.3us  p99 100.7us  
    run 2  compio-pool  1342008 req/s  p50 88.5us  p99 134.2us  
    run 2  tokio-default  1331025 req/s  p50 92.8us  p99 177.1us  
    run 3  compio-pool  1344108 req/s  p50 89.3us  p99 127.0us  
    run 3  tokio-default  1313812 req/s  p50 93.4us  p99 178.6us  
    run 3  tokio-per-core  1447882 req/s  p50 86.0us  p99 105.3us  
    point done; 18 min elapsed, about 14 min left
[20/34] shared / 512 B, W=8   W=8 conns=256 bytes=512 server=any clients=any
    run 1  tokio-default  1723693 req/s  p50 129.3us  p99 582.7us  
    run 1  tokio-per-core  1954419 req/s  p50 112.5us  p99 245.7us  
    run 1  compio-pool  1895704 req/s  p50 106.7us  p99 310.1us  
    run 2  tokio-per-core  1960865 req/s  p50 108.1us  p99 261.4us  
    run 2  compio-pool  1885515 req/s  p50 88.0us  p99 944.1us  
    run 2  tokio-default  1725374 req/s  p50 129.2us  p99 599.0us  
    run 3  compio-pool  1898842 req/s  p50 113.4us  p99 421.8us  
    run 3  tokio-default  1721668 req/s  p50 128.8us  p99 599.5us  
    run 3  tokio-per-core  1977919 req/s  p50 116.3us  p99 242.4us  
    point done; 19 min elapsed, about 13 min left
[21/34] shared / 16384 B, W=1   W=1 conns=64 bytes=16384 server=any clients=any
    run 1  tokio-default  272048 req/s  p50 236.1us  p99 260.9us  
    run 1  tokio-per-core  268802 req/s  p50 235.8us  p99 258.7us  
    run 1  compio-pool  268961 req/s  p50 232.7us  p99 285.8us  
    run 2  tokio-per-core  270366 req/s  p50 234.2us  p99 257.2us  
    run 2  compio-pool  277608 req/s  p50 226.4us  p99 273.3us  
    run 2  tokio-default  274429 req/s  p50 233.5us  p99 261.4us  
    run 3  compio-pool  271694 req/s  p50 230.2us  p99 282.7us  
    run 3  tokio-default  282137 req/s  p50 227.1us  p99 247.6us  
    run 3  tokio-per-core  272407 req/s  p50 231.5us  p99 255.1us  
    point done; 20 min elapsed, about 12 min left
[22/34] shared / 16384 B, W=2   W=2 conns=64 bytes=16384 server=any clients=any
    run 1  tokio-default  557101 req/s  p50 115.8us  p99 173.7us  
    run 1  tokio-per-core  567292 req/s  p50 113.9us  p99 138.7us  
    run 1  compio-pool  527949 req/s  p50 125.5us  p99 145.1us  
    run 2  tokio-per-core  569282 req/s  p50 113.3us  p99 138.8us  
    run 2  compio-pool  540817 req/s  p50 121.0us  p99 143.9us  
    run 2  tokio-default  556969 req/s  p50 116.1us  p99 175.1us  
    run 3  compio-pool  536872 req/s  p50 117.5us  p99 134.5us  
    run 3  tokio-default  559528 req/s  p50 115.1us  p99 172.9us  
    run 3  tokio-per-core  560518 req/s  p50 113.5us  p99 148.4us  
    point done; 21 min elapsed, about 11 min left
[23/34] shared / 16384 B, W=4   W=4 conns=128 bytes=16384 server=any clients=any
    run 1  tokio-default  941982 req/s  p50 131.8us  p99 250.9us  
    run 1  tokio-per-core  980893 req/s  p50 135.1us  p99 160.3us  
    run 1  compio-pool  962757 req/s  p50 114.9us  p99 188.3us  
    run 2  tokio-per-core  981624 req/s  p50 121.1us  p99 179.8us  
    run 2  compio-pool  965614 req/s  p50 132.7us  p99 160.3us  
    run 2  tokio-default  928946 req/s  p50 134.1us  p99 254.4us  
    run 3  compio-pool  958965 req/s  p50 129.3us  p99 168.5us  
    run 3  tokio-default  941243 req/s  p50 131.5us  p99 249.2us  
    run 3  tokio-per-core  974304 req/s  p50 132.8us  p99 167.2us  
    point done; 22 min elapsed, about 10 min left
[24/34] shared / 16384 B, W=8   W=8 conns=256 bytes=16384 server=any clients=any
    run 1  tokio-default  1216529 req/s  p50 178.3us  p99 1113.7us  
    run 1  tokio-per-core  1350620 req/s  p50 127.8us  p99 736.2us  
    run 1  compio-pool  1278631 req/s  p50 128.5us  p99 1342.9us  
    run 2  tokio-per-core  1358254 req/s  p50 124.4us  p99 683.6us  
    run 2  compio-pool  1272009 req/s  p50 159.4us  p99 1567.8us  
    run 2  tokio-default  1224616 req/s  p50 177.4us  p99 1120.1us  
    run 3  compio-pool  1301721 req/s  p50 168.1us  p99 738.2us  
    run 3  tokio-default  1220146 req/s  p50 178.4us  p99 1116.4us  
    run 3  tokio-per-core  1406556 req/s  p50 124.8us  p99 923.7us  
    point done; 23 min elapsed, about 9 min left
[25/34] onecpu / 16384 B x 2 conns   W=1 conns=2 bytes=16384 server=0 clients=0
    run 1  tokio-default  179275 req/s  p50 8.3us  p99 30.2us  B
    run 1  tokio-per-core  180312 req/s  p50 11.0us  p99 26.7us  B
    run 1  compio-pool  175243 req/s  p50 10.5us  p99 16.4us  B
    run 2  tokio-per-core  180508 req/s  p50 11.0us  p99 26.7us  B
    run 2  compio-pool  175697 req/s  p50 10.5us  p99 16.3us  B
    run 2  tokio-default  179936 req/s  p50 8.3us  p99 29.9us  B
    run 3  compio-pool  175143 req/s  p50 10.5us  p99 16.4us  B
    run 3  tokio-default  180606 req/s  p50 8.2us  p99 29.9us  B
    run 3  tokio-per-core  180596 req/s  p50 11.0us  p99 26.5us  B
    point done; 24 min elapsed, about 8 min left
[26/34] onecpu / 16384 B x 4 conns   W=1 conns=4 bytes=16384 server=0 clients=0
    run 1  tokio-default  185534 req/s  p50 13.2us  p99 43.0us  B
    run 1  tokio-per-core  189015 req/s  p50 20.9us  p99 47.4us  B
    run 1  compio-pool  186482 req/s  p50 21.8us  p99 32.8us  B
    run 2  tokio-per-core  189582 req/s  p50 20.9us  p99 47.1us  B
    run 2  compio-pool  182026 req/s  p50 22.1us  p99 36.5us  B
    run 2  tokio-default  185216 req/s  p50 13.3us  p99 44.2us  B
    run 3  compio-pool  185084 req/s  p50 21.9us  p99 33.9us  B
    run 3  tokio-default  181255 req/s  p50 13.6us  p99 44.5us  B
    run 3  tokio-per-core  188772 req/s  p50 20.9us  p99 47.3us  B
    point done; 25 min elapsed, about 7 min left
[27/34] onecpu / 16384 B x 8 conns   W=1 conns=8 bytes=16384 server=0 clients=0
    run 1  tokio-default  187361 req/s  p50 23.5us  p99 119.4us  B
    run 1  tokio-per-core  188914 req/s  p50 30.4us  p99 145.1us  B
    run 1  compio-pool  177291 req/s  p50 44.7us  p99 75.0us  B
    run 2  tokio-per-core  188811 req/s  p50 31.3us  p99 143.5us  B
    run 2  compio-pool  174937 req/s  p50 45.3us  p99 76.3us  B
    run 2  tokio-default  183256 req/s  p50 23.6us  p99 129.3us  B
    run 3  compio-pool  174577 req/s  p50 45.4us  p99 76.2us  B
    run 3  tokio-default  185594 req/s  p50 23.7us  p99 123.0us  B
    run 3  tokio-per-core  187576 req/s  p50 31.4us  p99 144.5us  B
    point done; 25 min elapsed, about 6 min left
[28/34] onecpu / 16384 B x 16 conns   W=1 conns=16 bytes=16384 server=0 clients=0
    run 1  tokio-default  183053 req/s  p50 10.3us  p99 322.6us  B
    run 1  tokio-per-core  184047 req/s  p50 10.2us  p99 357.6us  B
    run 1  compio-pool  165569 req/s  p50 96.2us  p99 146.1us  B
    run 2  tokio-per-core  184274 req/s  p50 10.2us  p99 365.3us  B
    run 2  compio-pool  168978 req/s  p50 94.2us  p99 143.0us  B
    run 2  tokio-default  184535 req/s  p50 10.2us  p99 319.7us  B
    run 3  compio-pool  166347 req/s  p50 95.8us  p99 145.6us  B
    run 3  tokio-default  183762 req/s  p50 10.2us  p99 320.1us  B
    run 3  tokio-per-core  184552 req/s  p50 10.2us  p99 363.1us  B
    point done; 26 min elapsed, about 5 min left
[29/34] onecpu / 16384 B x 32 conns   W=1 conns=32 bytes=16384 server=0 clients=0
    run 1  tokio-default  183836 req/s  p50 5.2us  p99 856.8us  B
    run 1  tokio-per-core  183908 req/s  p50 5.1us  p99 924.8us  B
    run 1  compio-pool  161361 req/s  p50 198.0us  p99 286.8us  B
    run 2  tokio-per-core  183969 req/s  p50 5.1us  p99 924.0us  B
    run 2  compio-pool  162620 req/s  p50 196.8us  p99 283.9us  B
    run 2  tokio-default  184075 req/s  p50 5.2us  p99 868.5us  B
    run 3  compio-pool  162457 req/s  p50 197.1us  p99 284.1us  B
    run 3  tokio-default  183941 req/s  p50 5.2us  p99 862.1us  B
    run 3  tokio-per-core  184678 req/s  p50 5.1us  p99 940.2us  B
    point done; 27 min elapsed, about 4 min left
[30/34] onecpu / 512 B x 16 conns   W=1 conns=16 bytes=512 server=0 clients=0
    run 1  tokio-default  239743 req/s  p50 70.1us  p99 106.7us  B
    run 1  tokio-per-core  244818 req/s  p50 65.2us  p99 100.0us  B
    run 1  compio-pool  241837 req/s  p50 66.2us  p99 101.6us  B
    run 2  tokio-per-core  239772 req/s  p50 66.5us  p99 102.0us  B
    run 2  compio-pool  240812 req/s  p50 66.5us  p99 102.1us  B
    run 2  tokio-default  238258 req/s  p50 70.5us  p99 107.3us  B
    run 3  compio-pool  241600 req/s  p50 66.3us  p99 101.5us  B
    run 3  tokio-default  239809 req/s  p50 70.1us  p99 106.7us  B
    run 3  tokio-per-core  242596 req/s  p50 65.8us  p99 101.0us  B
    point done; 28 min elapsed, about 3 min left
[31/34] onecpu / 2048 B x 16 conns   W=1 conns=16 bytes=2048 server=0 clients=0
    run 1  tokio-default  224315 req/s  p50 74.9us  p99 114.1us  B
    run 1  tokio-per-core  230100 req/s  p50 69.4us  p99 106.4us  B
    run 1  compio-pool  227469 req/s  p50 70.4us  p99 108.1us  B
    run 2  tokio-per-core  229423 req/s  p50 69.6us  p99 106.8us  B
    run 2  compio-pool  226341 req/s  p50 70.8us  p99 108.6us  B
    run 2  tokio-default  225695 req/s  p50 74.4us  p99 113.4us  B
    run 3  compio-pool  226827 req/s  p50 70.6us  p99 108.3us  B
    run 3  tokio-default  225407 req/s  p50 74.5us  p99 113.5us  B
    run 3  tokio-per-core  229144 req/s  p50 69.6us  p99 107.0us  B
    point done; 29 min elapsed, about 2 min left
[32/34] onecpu / 4096 B x 16 conns   W=1 conns=16 bytes=4096 server=0 clients=0
    run 1  tokio-default  211849 req/s  p50 79.2us  p99 120.8us  B
    run 1  tokio-per-core  216618 req/s  p50 73.5us  p99 113.2us  B
    run 1  compio-pool  217135 req/s  p50 73.7us  p99 113.0us  B
    run 2  tokio-per-core  213134 req/s  p50 74.6us  p99 114.9us  B
    run 2  compio-pool  217135 req/s  p50 73.7us  p99 113.0us  B
    run 2  tokio-default  211040 req/s  p50 79.5us  p99 121.0us  B
    run 3  compio-pool  216367 req/s  p50 73.9us  p99 113.5us  B
    run 3  tokio-default  213324 req/s  p50 78.7us  p99 119.7us  B
    run 3  tokio-per-core  217784 req/s  p50 73.1us  p99 112.6us  B
    point done; 30 min elapsed, about 1 min left
[33/34] onecpu / 8192 B x 16 conns   W=1 conns=16 bytes=8192 server=0 clients=0
    run 1  tokio-default  197957 req/s  p50 84.5us  p99 130.1us  B
    run 1  tokio-per-core  198790 req/s  p50 80.0us  p99 123.6us  B
    run 1  compio-pool  194613 req/s  p50 82.1us  p99 125.4us  B
    run 2  tokio-per-core  200585 req/s  p50 79.2us  p99 122.4us  B
    run 2  compio-pool  194895 req/s  p50 82.0us  p99 125.3us  B
    run 2  tokio-default  200973 req/s  p50 83.5us  p99 127.6us  B
    run 3  compio-pool  197483 req/s  p50 80.9us  p99 123.7us  B
    run 3  tokio-default  200720 req/s  p50 83.6us  p99 127.8us  B
    run 3  tokio-per-core  198124 req/s  p50 79.6us  p99 124.4us  B
    point done; 31 min elapsed, about 0 min left
[34/34] churn / reconnect per request   W=4 conns=64 bytes=512 server=0,1,2,3 clients=4,12,5,13,6,14,7,15
    run 1  tokio-default  23545 req/s  p50 330.6us  p99 15677.4us  C
    run 1  tokio-per-core  25772 req/s  p50 212.0us  p99 16043.4us  C
    run 1  compio-pool  25713 req/s  p50 219.8us  p99 15577.9us  C
    run 1  compio-pool@cap2  25362 req/s  p50 250.8us  p99 7686.9us  C
    run 1  compio-pool@cap1  19059 req/s  p50 366.4us  p99 13693.3us  
    run 2  tokio-per-core  25736 req/s  p50 207.2us  p99 16515.0us  C
    run 2  compio-pool  25745 req/s  p50 223.1us  p99 15596.3us  C
    run 2  compio-pool@cap2  25383 req/s  p50 252.7us  p99 7690.2us  C
    run 2  compio-pool@cap1  21358 req/s  p50 364.9us  p99 13671.1us  
    run 2  tokio-default  25474 req/s  p50 365.4us  p99 15759.7us  C
    run 3  compio-pool  25689 req/s  p50 222.4us  p99 15600.1us  C
    run 3  compio-pool@cap2  25454 req/s  p50 251.8us  p99 7582.9us  C
    run 3  compio-pool@cap1  21386 req/s  p50 365.1us  p99 13644.5us  
    run 3  tokio-default  23405 req/s  p50 375.6us  p99 15606.6us  C
    run 3  tokio-per-core  25656 req/s  p50 204.1us  p99 16428.9us  C
    point done; 33 min elapsed, about 0 min left
finished in 33 min
